"n","contamination_level","ctam_sigma","ctam_mu","cook_cutoff","ctam_rho","robust_m_est_bias","robust_m_est_variance","robust_mm_est_bias","robust_mm_est_variance","robust_s_est_bias","robust_s_est_variance","ols_est_bias","ols_est_variance","ols_diag_est_bias","ols_diag_est_variance","ols_mspe","robust_m_mspe","robust_mm_mspe","robust_s_mspe","ols_diag_mspe"
50,0,1,0,4,-1,5.02699418631016e-05,0.04703151045231,5.40112369597709e-05,0.0479024086990547,0.000422342271956752,0.1433037337273,4.1968019424496e-05,0.0451390752958609,3.66742927355416e-05,0.0581371100232157,1.07116778012247,1.07361665378402,1.07484478598751,1.21484406329341,1.08588657440606
50,0,1,0,4,-0.8,2.23939129409908e-05,0.048393335699116,2.72855735239456e-05,0.0487372938472921,0.000158705639541218,0.145882495072032,3.81927999130165e-05,0.0465161153496177,1.89049560945801e-06,0.060754446973181,1.06553548443279,1.07030442800354,1.07070398971493,1.21501567848625,1.0895471818889
50,0,1,0,4,-0.6,3.59941689717358e-05,0.048633513962546,3.43144108619849e-05,0.0491061145960018,0.00038357446336592,0.158909260965763,1.83211316352926e-05,0.0460669410704316,8.8707748076113e-05,0.063895399341873,1.07414658123377,1.07775366872047,1.07855530351804,1.24040120949686,1.09567750489277
50,0,1,0,4,-0.4,4.11283784678492e-05,0.0465828505388795,4.18505430013051e-05,0.0469259654944509,1.30715249206814e-05,0.154162137479532,6.79657219685836e-05,0.0432073531024471,3.28876006961971e-05,0.0603128976218423,1.04337574558107,1.04944460339765,1.05000578279655,1.20323854202838,1.06687375375265
50,0,1,0,4,-0.2,3.0847283614408e-05,0.0458397195306325,3.2934693180451e-05,0.0460892781403873,0.000590481728847419,0.143694638377009,6.84268618883923e-06,0.0425816218357891,5.55090102763564e-05,0.0574764417313092,1.05100945087513,1.05440842368648,1.05414171811083,1.19196849815192,1.06905787342147
50,0,1,0,4,0,3.82377945852548e-05,0.0481661637096917,2.88390372049207e-05,0.0494578716038869,0.000368935471947736,0.158164932194121,4.06489008273312e-05,0.0452482978410047,6.48211639395734e-06,0.0615905686854271,1.06575746797493,1.06799313611813,1.06971305548173,1.21610338525899,1.08324428655297
50,0,1,0,4,0.2,5.72009135799974e-05,0.0477824428628767,0.000104283856452007,0.050142742794652,0.00107733230085794,0.139614621096382,1.93256692593055e-05,0.0451652456133236,0.000248727089386208,0.0599515776505384,1.08002662409747,1.08323905661105,1.0859708445375,1.2083588713611,1.10073308767388
50,0,1,0,4,0.4,0.000388945163183548,0.0486440794175819,0.000346375956460358,0.0485730326069832,0.00166823323243053,0.149919030580073,0.00037605549842011,0.0464636367908725,0.000860834382578633,0.0606028543907505,1.0818561997083,1.08391610750562,1.08356432000093,1.22783284811884,1.09874657132152
50,0,1,0,4,0.6,0.000349119933996992,0.044300736374181,0.000330071900951655,0.0454777803183838,0.000274002310606481,0.144122447387514,0.000455986742388444,0.0416801407745976,0.000208764414647119,0.0606973499901583,1.07715302209658,1.08069046885636,1.08282673888783,1.22307560664837,1.10192572263648
50,0,1,0,4,0.8,0.000338601465176597,0.0488623769374221,0.000349016891178695,0.0499685464869658,0.000387035385735085,0.159548097944865,0.000303871556159876,0.0447719959145629,0.000570154627874432,0.0710411862573216,1.04839923506571,1.05168228471594,1.0525489355365,1.18972915561574,1.07735264332029
50,0,1,0,4,1,0.000292287568737643,0.0469172447587232,0.000351706116280642,0.0472642197759392,0.00198706317592397,0.135728681012137,0.000229866292090813,0.04413452037818,0.000597233719681572,0.0600069543125587,1.04280783295545,1.04746027784499,1.04830823634043,1.17292710138759,1.06352603819601
50,0.1,1,0,4,-1,0.00861056576422342,0.0481084432158073,0.00789512708468831,0.0493273131342982,0.00282586662862101,0.145928324259256,0.0107708132518551,0.0464700660890973,0.00336244521706152,0.0600126534437552,1.07632345933582,1.0783777286554,1.0777241364903,1.22191829903894,1.09285109839245
50,0.1,1,0,4,-0.8,0.00920574652087827,0.0618262011213687,0.00681713919633447,0.0631235786622434,0.00193474695086418,0.187784189508897,0.016213713424957,0.0705136843188674,0.00490908280746911,0.0668340934662042,1.10553183375431,1.08651407400291,1.08426439476507,1.24853423544102,1.08773572753101
50,0.1,1,0,4,-0.6,0.00934736715572649,0.0511008865339984,0.00413253151509197,0.0516368608890129,0.000546105430677155,0.141245088903099,0.0240367797846554,0.0675236675010474,0.00573869939677052,0.0598898271759854,1.0957825497985,1.06350865128786,1.06187732682492,1.18851426737678,1.07437853386312
50,0.1,1,0,4,-0.4,0.0151619100222034,0.0605344932342208,0.00607142879515006,0.0617078735879762,0.00291003885525266,0.14809823921597,0.0463342916480749,0.0883184910743026,0.00616896357490959,0.0686547456728287,1.16037388499753,1.09386928062321,1.09001635676181,1.21949904674847,1.09995514782228
50,0.1,1,0,4,-0.2,0.0193906241768514,0.0751308757676218,0.00661816510379709,0.0713918701290154,0.0012267813867694,0.161301404919349,0.0701388765402888,0.116091881415658,0.00830533102821097,0.0778468490324528,1.25303319031567,1.14362389115151,1.12643941428766,1.25777198782483,1.13776714410362
50,0.1,1,0,4,0,0.0285811630885647,0.0669682153918043,0.00596884303345889,0.0647041167975179,0.000639559570477702,0.160941151674063,0.120519741577799,0.129773659165984,0.00942406158011369,0.0664233750133544,1.27690535861082,1.10685490025565,1.08038271401875,1.21507064961321,1.08915058948675
50,0.1,1,0,4,0.2,0.023343049149798,0.0740808306647018,0.0028277381812922,0.0716035875208174,0.000567411546332076,0.17461449861955,0.133371170776079,0.148817615913579,0.00887249819669595,0.0737704669322845,1.31982114073339,1.12082997293583,1.09822034211302,1.24413299611833,1.11008104279335
50,0.1,1,0,4,0.4,0.034128987421002,0.0582784532352293,0.00567851595124644,0.0580873027177437,0.00024737063350656,0.130962130667936,0.183742532693154,0.134393274499391,0.0129248127279364,0.0619327944745559,1.36956808154477,1.11528356447824,1.08201925359455,1.18109673059027,1.09659142730341
50,0.1,1,0,4,0.6,0.0364263246059231,0.0735606026097878,0.00270446321862409,0.0609763158042893,5.06176793378725e-05,0.127335856978283,0.224289390317593,0.170956322441001,0.0116529899049604,0.0660599242061926,1.42255422705574,1.12803651226446,1.08436284547516,1.20099777324189,1.09725064886957
50,0.1,1,0,4,0.8,0.0443347288482246,0.0760697084487508,0.00473846539242814,0.0602860856023369,0.00132947964185191,0.148553399111989,0.253246658477959,0.191943113022906,0.0159894516518295,0.0790366157974496,1.4970953711385,1.14724146973174,1.08861394403462,1.20014560989883,1.12321987419617
50,0.1,1,0,4,1,0.0507240532025111,0.0840546400781323,0.00522069596845367,0.062353482383686,0.000131675510820712,0.150802802974832,0.309580562164816,0.183711824893594,0.0225920739263052,0.0846441677507419,1.58230209612571,1.18320710806818,1.10544182504479,1.23434254827408,1.15368491579404
50,0.2,1,0,4,-1,0.0358244329536849,0.0438523710770386,0.0346202261631959,0.045529190444435,0.0170028360667645,0.153462235429312,0.0391147302136694,0.0405770655152872,0.0248478323624283,0.0566670565066392,1.10457628729147,1.10589821655993,1.1065126407486,1.25475145948556,1.11472823413771
50,0.2,1,0,4,-0.8,0.0296478604416923,0.0657359359086764,0.0229834230578202,0.0731191927751738,0.00685408610549096,0.170570515758812,0.0496540020978762,0.0717362385408191,0.0130964395357781,0.0694189603389328,1.13794503686795,1.11404365139471,1.11619759693251,1.24528326613204,1.1010875438632
50,0.2,1,0,4,-0.6,0.0462449677810163,0.0811733343838691,0.0267642823049513,0.0843414909683458,0.00240196976309739,0.176489164571037,0.098153205661964,0.100613661446804,0.0244997029823046,0.0821470911271243,1.23465124207832,1.15699863881063,1.1447890550905,1.25612579950951,1.13627510891751
50,0.2,1,0,4,-0.4,0.0579224920699918,0.0898710513462523,0.0265948702014509,0.0928037723006181,0.000743142421630215,0.166539939150452,0.146265403810961,0.12291702477624,0.0231966736050226,0.0832019142296976,1.32324244189675,1.18844891458345,1.15692406568383,1.24838758482785,1.1461118162376
50,0.2,1,0,4,-0.2,0.0888647699365011,0.0842473467394338,0.0345484153088041,0.0882994336247765,0.00556803400957565,0.177411111185531,0.237234554246429,0.124756491206781,0.0428993471067406,0.0825001070568272,1.39015820832214,1.19250617472166,1.14615572471433,1.25727396739758,1.14666281028332
50,0.2,1,0,4,0,0.124211619153013,0.106302214156056,0.0444434337191588,0.097458542041639,0.00383532628607778,0.156014885856978,0.36358900758349,0.169372695594636,0.0619301029037367,0.096158130036412,1.56704266284787,1.24563651985252,1.15884455095409,1.21358059121115,1.18355506207246
50,0.2,1,0,4,0.2,0.125783994003624,0.107933113808144,0.0320896380491306,0.0959742278625594,0.000984983305485908,0.159321936795342,0.401962878854883,0.183898446566343,0.0580853321507485,0.109843059470279,1.71537517393359,1.32442644100599,1.19990427601025,1.24617813730714,1.25207660984629
50,0.2,1,0,4,0.4,0.192174587046022,0.129170408063899,0.0543142867019379,0.117224467538054,0.00657877838950452,0.14516138387158,0.563680566480092,0.198423474417422,0.0919763594679808,0.116523008671226,1.79954007565173,1.34348174894781,1.19337280183919,1.21149772346094,1.23722942568343
50,0.2,1,0,4,0.6,0.231175018438203,0.146089095415862,0.045481571159432,0.103096659608766,0.00292166917694689,0.161363964433713,0.69530856171433,0.224563021333117,0.109758464462058,0.130558437390432,1.9977816519134,1.40438363662415,1.16404298637968,1.19866665646694,1.26212899448477
50,0.2,1,0,4,0.8,0.26889340494034,0.147959331504223,0.0456801885939288,0.114805596389201,0.0030592581136375,0.148718814956268,0.850794722935053,0.226709590846053,0.174975976605796,0.140851570267228,2.17313201018615,1.45565079069386,1.18015633028894,1.1949938158088,1.36618399521761
50,0.2,1,0,4,1,0.300721631515724,0.157277667057042,0.0461941931610485,0.115122677302423,0.000644474119903604,0.14104087419527,0.920327441961685,0.233446721129188,0.161838279359401,0.156266124127582,2.22806547508051,1.49566191626775,1.19654862187844,1.20063688185257,1.36786844933574
50,0.3,1,0,4,-1,0.061555592155115,0.0460796919776857,0.0606088638762813,0.0463989447807926,0.044623504373016,0.151159408965167,0.0650823085022623,0.0440321877700551,0.0424595768644368,0.0558438505190592,1.15084821023344,1.1523195209834,1.15237548794941,1.29558146124039,1.13916670482334
50,0.3,1,0,4,-0.8,0.0735217654775581,0.0781597619915335,0.0608053204618878,0.0839646412135027,0.015170799041219,0.214028668469,0.111509936295603,0.0840454407637304,0.043457548393689,0.0916985108342182,1.22518700306206,1.17200756838546,1.16462121606939,1.29987444651437,1.15754057451075
50,0.3,1,0,4,-0.6,0.111303382400856,0.0977980661282294,0.0799250344380032,0.0982823985257058,0.0121045153578474,0.206035025602263,0.190332230622429,0.116003037198901,0.0646982860063847,0.103063127115736,1.39077148470277,1.28071653712494,1.2482719332606,1.2937308925948,1.24007003922747
50,0.3,1,0,4,-0.4,0.153955549648897,0.108468342118391,0.0994774052267075,0.116004308979624,0.00908412452475736,0.189877027398795,0.284083567098022,0.129278621320382,0.0940375368317245,0.118222848668899,1.44993437044408,1.28789448549979,1.2448260487267,1.27741949567143,1.24087928146092
50,0.3,1,0,4,-0.2,0.262439073770656,0.131183533274202,0.146091095237229,0.139375797263627,0.0143390962610057,0.156200926100013,0.519114206029761,0.164302123012783,0.163299362304832,0.135631011348769,1.75322237875671,1.4379005985071,1.32020178499797,1.24102218165899,1.35376788805555
50,0.3,1,0,4,0,0.372192844240704,0.169855384022607,0.185004474212255,0.173515732303501,0.00642446265080004,0.173958177684264,0.710103754981815,0.202642441904632,0.231660875402202,0.170937884097542,1.98392470110681,1.59192019026583,1.40182035357815,1.2262145889206,1.45935619598854
50,0.3,1,0,4,0.2,0.492371047531108,0.167114327557074,0.223610337951021,0.184980434475715,0.0174042249867972,0.18140102042848,0.930175213845645,0.192992983388649,0.312316116229362,0.155476314956616,2.19402196551809,1.71892541542601,1.46928272259373,1.26762388663169,1.53805546478359
50,0.3,1,0,4,0.4,0.530542366444383,0.187841949438394,0.184050790738088,0.185276337083117,0.00998074986486602,0.165170526929263,1.09991856168075,0.229883003099558,0.325309790906091,0.195124180452177,2.42320650602648,1.78534405429106,1.42681625313667,1.2491674815049,1.59137133020628
50,0.3,1,0,4,0.6,0.676836407896911,0.196818303088858,0.27046800617721,0.206467330501166,0.0170707486402819,0.229671692493139,1.2353118596114,0.230032031993885,0.432159590275196,0.201250688468641,2.59019889525731,1.96093777333798,1.53762930655453,1.3472224005537,1.73412497252596
50,0.3,1,0,4,0.8,0.787793769077987,0.221426204284588,0.262379105213365,0.216363350218625,0.00635673601529659,0.180902485345238,1.42627109247261,0.240540945875628,0.479692380603901,0.226201261693208,2.75587051470606,2.06796840477689,1.54895178036584,1.26227057998853,1.78049582775981
50,0.3,1,0,4,1,0.857379058374983,0.238295316817252,0.285018476115675,0.233789884040866,0.00546735542181772,0.163869995957783,1.57213268620056,0.231858891374729,0.583649400783894,0.2389047712897,2.92940361133685,2.18926616777155,1.59017302431175,1.2107979334985,1.92812957794747
50,0.4,1,0,4,-1,0.0953440601340128,0.0474663238820907,0.0933376765268793,0.0492648554231621,0.0804114629828712,0.151547713484188,0.098797152826534,0.0455373087258939,0.0787117051800703,0.0623024633753657,1.15089630211326,1.14883686424987,1.14897012161334,1.29346344265991,1.15251221196261
50,0.4,1,0,4,-0.8,0.0974309934570061,0.0791336663608172,0.0879490687712751,0.0824744056583354,0.0279160180668699,0.206231491509721,0.130713085145666,0.080279590729493,0.0722525203744873,0.0918612193417993,1.24885261574951,1.21436776204407,1.21078434580552,1.33609702247566,1.21770018737673
50,0.4,1,0,4,-0.6,0.217822674687354,0.123346630111142,0.186686426833971,0.133416824224236,0.0475629353675165,0.287701998796352,0.313682835595646,0.128641226337022,0.151037587155027,0.134391307870329,1.4991006794514,1.38505088409601,1.36576022503891,1.42393941132817,1.33440967129169
50,0.4,1,0,4,-0.4,0.321861226917281,0.12653194979934,0.250217946717985,0.141140091287123,0.0383351523893712,0.235728388911677,0.495369311698917,0.129567898673872,0.223625348384441,0.137785262823817,1.73087008740843,1.54230029596217,1.48382745400218,1.40313264334684,1.46436397712017
50,0.4,1,0,4,-0.2,0.466037880548767,0.162254360902072,0.327065549168918,0.177526587931386,0.0222138614958006,0.232723948244389,0.737062307666583,0.1676943594698,0.315616819448261,0.187697216920476,1.98978419449528,1.68666278877678,1.56282771194517,1.31081524020834,1.57543601024551
50,0.4,1,0,4,0,0.626630716816835,0.166351768774614,0.392412754648088,0.187692522268504,0.0387121451530068,0.272061939441191,0.994332898526322,0.175920645659688,0.451284752880862,0.178271121522698,2.26398374051083,1.87635994367294,1.67429875971108,1.40576364356178,1.73029445747551
50,0.4,1,0,4,0.2,0.841428022076557,0.212107336752967,0.547649868400019,0.231963994320132,0.0310228682985669,0.246687961332862,1.272900198799,0.216070471919581,0.616442442982606,0.215516371632038,2.59292637209884,2.14546099401799,1.87162428393469,1.37591084238476,1.95616873984534
50,0.4,1,0,4,0.4,1.07327894078759,0.243814868849867,0.619790238828405,0.286971629366548,0.0367428547010246,0.28394537573292,1.54489571392434,0.214282444617308,0.78795855012177,0.248894792144971,2.94541111708285,2.46283115129517,2.02011721624237,1.41173532420299,2.1810361291454
50,0.4,1,0,4,0.6,1.37564935546218,0.272320979831185,0.891209762633161,0.335533431085519,0.034096292082059,0.244942738482365,1.92794047001985,0.248220296081476,0.998073917396054,0.288552191931802,3.31176332254265,2.75968654174138,2.35697220207097,1.34344288475402,2.40263114880676
50,0.4,1,0,4,0.8,1.69915062950229,0.269835807853696,1.00853880597562,0.385708233718815,0.0404566598692499,0.308053981256718,2.28309567211331,0.235156775457406,1.26433276929898,0.299269556068495,3.64923036607464,3.07318475421377,2.47875695519086,1.43537727240404,2.70353423833608
50,0.4,1,0,4,1,1.79451714554458,0.297475958557029,1.0746521726296,0.414956383075848,0.0552914967808154,0.287925989826801,2.45755191471903,0.259761494671222,1.39039972470243,0.293454051317131,3.90532438530761,3.25397334397602,2.63377443898672,1.44006494051272,2.84926539377332
50,0.5,1,0,4,-1,0.115670423927088,0.0446675073213922,0.114162432499853,0.0470468119325032,0.0921950643115026,0.147061591545417,0.1213420196982,0.0412705593776042,0.097574278075195,0.0570237099228598,1.19837260034772,1.1977473948681,1.19930975363159,1.32352998078764,1.19373230321211
50,0.5,1,0,4,-0.8,0.161666172024561,0.0887870055035453,0.147750205919496,0.0939334389859821,0.0411200397524068,0.24252359444437,0.196635326795028,0.0863899901368257,0.120829403091252,0.0949344222386976,1.357003840024,1.31903673398235,1.3118584904416,1.39981885583214,1.29327693666566
50,0.5,1,0,4,-0.6,0.339623221958986,0.116808896271835,0.286197136977241,0.132919172478949,0.0801281829122692,0.296846712785616,0.458443100457897,0.116085178339504,0.268278430123832,0.145966801882063,1.67790697501508,1.5518277293984,1.51772100157818,1.51573059684744,1.51886940060039
50,0.5,1,0,4,-0.4,0.548199007712038,0.136937848400962,0.472300124957111,0.157034185671764,0.115124180869882,0.314007202032016,0.743231306857645,0.141529544204983,0.408854975457055,0.158888639771186,1.94635852452746,1.74921485344511,1.70183331783908,1.55884856798344,1.64465644798049
50,0.5,1,0,4,-0.2,0.803723957447765,0.185166876916279,0.669166981172021,0.204327130188167,0.101727142401683,0.327463017221989,1.06610147642736,0.180610117469513,0.629837936644439,0.209018517719604,2.36184600174914,2.08191248592435,1.96066902172932,1.54422555926001,1.95496200830168
50,0.5,1,0,4,0,1.04955372365284,0.221114858824751,0.894661258076554,0.253509579912692,0.15523945645077,0.410712953488523,1.32168416324746,0.211961514934184,0.807534075861519,0.250707526424346,2.68719584129631,2.41640981525735,2.29262747578226,1.71953434266875,2.20633523463226
50,0.5,1,0,4,0.2,1.3814771890104,0.212139613949155,1.15310989596097,0.24607244348097,0.156841643822169,0.399862444943522,1.76918595292036,0.189553325542806,1.06171105153945,0.23703024895489,3.04964321302339,2.67638246360056,2.48824585235888,1.69604074343235,2.40883372120552
50,0.5,1,0,4,0.4,1.63831427820677,0.222644693968074,1.33902761545192,0.293115580063103,0.142707436412295,0.393481693854199,2.02593016997119,0.203973829178373,1.30983440313745,0.238337334284939,3.32493719943143,2.95899444065673,2.74502256588527,1.64485655650817,2.68006342989245
50,0.5,1,0,4,0.6,2.02748822302134,0.245000603760095,1.70760005231757,0.303057820592703,0.241221421464966,0.568153519912829,2.41326845422828,0.22702546016319,1.67628966013721,0.287723902226741,3.80398461232941,3.4092417942064,3.14645056668518,1.93592644404758,3.09815860969025
50,0.5,1,0,4,0.8,2.31863546976668,0.270456763940252,1.88695574801657,0.362816849728319,0.197139704244326,0.565887720643754,2.71177565041317,0.256258871328043,1.87615187675477,0.328781085108885,4.1531693273729,3.76950895484725,3.42906079121992,1.96559297785074,3.41255852711192
50,0.5,1,0,4,1,2.8396950409973,0.267745503321854,2.38449002590369,0.350838778577454,0.272863001243635,0.689122645437369,3.24967707900839,0.250934593719462,2.32778915738583,0.306629406310825,4.61690690560162,4.20394943128547,3.83582803968075,2.09890613560812,3.76662946861215
50,0.6,1,0,4,-1,0.144658738349939,0.0400383310014494,0.144197181286199,0.0416588569858498,0.141649034112679,0.154201450894278,0.147452101517211,0.0377251022519015,0.130655844320985,0.0526126755409066,1.21030662634452,1.21071445894101,1.21156139191401,1.37637510808868,1.21517935668978
50,0.6,1,0,4,-0.8,0.219827835537769,0.0877263720422577,0.212317858059325,0.0920904817697306,0.112147313185601,0.268875865565192,0.255092612122192,0.0855297893221111,0.173982649113317,0.101118644431688,1.3851271490997,1.35446800529173,1.35164336769246,1.51377457480984,1.33768755274897
50,0.6,1,0,4,-0.6,0.470893925074068,0.118536613240623,0.45013364030759,0.126649809270061,0.166757207151073,0.341656941978998,0.566010919977744,0.113301621573358,0.390057106882803,0.145155641940903,1.78338729547455,1.69480558281767,1.68206917434371,1.67104112037533,1.64774672372894
50,0.6,1,0,4,-0.4,0.795087844209681,0.170563885423674,0.748135822161111,0.179630001254086,0.239364623972749,0.430201556915308,0.945650551325463,0.173517431497533,0.637989565912494,0.186777691666592,2.24278886029387,2.08111013635646,2.04212445626752,1.85128043304792,1.94888441471805
50,0.6,1,0,4,-0.2,1.26013804026134,0.18915359249852,1.17493667599718,0.215998915518886,0.337144635918956,0.527346841271719,1.45400741418125,0.167043219774969,1.07530738453135,0.235876684686406,2.69947771847906,2.51538383545573,2.45202802762001,2.01662205095271,2.39416701262733
50,0.6,1,0,4,0,1.54560179159975,0.207202061568014,1.39714561225026,0.23879490130374,0.499674642993224,0.602258904899511,1.83060061700609,0.18814280129495,1.2695110221788,0.239370827830827,3.14714600774148,2.87366919910657,2.76138124465864,2.27279465457712,2.62842298493445
50,0.6,1,0,4,0.2,1.9775549707233,0.212974328232662,1.85446659949846,0.240819831160655,0.555898799192933,0.716038824042462,2.25580944252019,0.19953000976932,1.68456750098671,0.248191554167904,3.57593842171296,3.30959310759458,3.22009282162492,2.44877412171924,3.06431493980364
50,0.6,1,0,4,0.4,2.3583991860796,0.246183076862555,2.22180460481629,0.280045038886546,0.720213974554375,0.825399742258522,2.61282184212178,0.227192193981672,2.09657745389701,0.300501403301963,3.89170218716083,3.66764674569047,3.57495591229282,2.74937460387454,3.50069363481161
50,0.6,1,0,4,0.6,2.73823921382183,0.263038797872077,2.59267188896062,0.305158575818791,0.742209079338772,0.827818000693288,3.00868310033559,0.241442602791018,2.30851948199956,0.305987257133473,4.38945989473867,4.13677811132344,4.04493028316046,2.84801677572811,3.77687008052399
50,0.6,1,0,4,0.8,3.01990305552443,0.254505240849343,2.8521523232278,0.293676994562208,1.13461532520747,0.911657551321223,3.31017233438928,0.23900289210718,2.6193038234984,0.314264370796579,4.66572816151085,4.3787770296623,4.25609928723875,3.30959933675295,4.10797254148628
50,0.6,1,0,4,1,3.39867700077476,0.291244194992091,3.25699360839015,0.322245688479103,1.2529523717239,0.987972879759851,3.65463765528258,0.261717790355388,3.06317573968412,0.359393412929987,5.2281196264062,4.98278700387659,4.88175134811402,3.60361809776643,4.74220362985658
100,0,1,0,4,-1,0.000119735000024666,0.0225435201252829,0.000119637320287107,0.0225538750397541,0.000445160117435129,0.0755447266513673,0.000173661720104469,0.0213908285130393,0.000136574975712621,0.0298462116522095,1.03103551015801,1.03286086833516,1.03259090149807,1.10509150600906,1.04282632155337
100,0,1,0,4,-0.8,6.01355226204474e-05,0.019506458502686,5.16065994295355e-05,0.0196494010678421,0.000139351931575119,0.0683766433355474,5.44393053591646e-05,0.0191152756066984,7.17460020495305e-06,0.0249124581908581,1.0261885603147,1.02723096230685,1.02767395819303,1.09915196629098,1.03532171543339
100,0,1,0,4,-0.6,7.6932889328245e-06,0.0223092163099035,1.23815721757803e-05,0.0226830406394693,0.000191890416079755,0.0800551771797761,1.89141650317415e-06,0.021096870589302,3.75558105006882e-06,0.028241032979608,1.01707406661349,1.01967189938038,1.0194654828801,1.10635467350197,1.02775039738078
100,0,1,0,4,-0.4,9.54298813766071e-05,0.0221994777315852,9.73569903490842e-05,0.0226681577701086,0.000368378904010253,0.0702828153662483,9.72156317653136e-05,0.0212731135525088,4.7902521274994e-05,0.0292971798510476,1.03045684724159,1.03128205844027,1.03162615276951,1.09714306012973,1.03932843476042
100,0,1,0,4,-0.2,0.000332768795067236,0.0214098407469989,0.00030076206329649,0.0215605962958326,0.00021015950197913,0.0793334260500139,0.000375564187673324,0.0203006373312299,0.000262470645974672,0.0265620109778212,1.03050851147602,1.03129518605017,1.03172694484997,1.1168152217405,1.03660140812253
100,0,1,0,4,0,6.77572285801703e-05,0.0198373243241469,3.80208187753024e-05,0.0209328651884212,3.72985548180701e-05,0.0786715818958638,5.82191057013097e-05,0.0187344966347472,4.04199703301993e-05,0.0251675860028609,1.03629455782944,1.03759238415384,1.03921406236922,1.12894743339791,1.04369363053707
100,0,1,0,4,0.2,0.000111494245244957,0.0239412029271373,0.000127000276668774,0.0239442480881318,0.000710561865645069,0.0748910886786376,9.81881866670896e-05,0.0229400515380664,0.000179636099786271,0.0291751132429912,1.02414915434816,1.02570715258005,1.02573748423098,1.10012192237516,1.0303049178165
100,0,1,0,4,0.4,0.000116674497253096,0.0225098529696908,0.000102531607229441,0.0231042865577907,0.00052171914077687,0.070113613102123,7.38308791506954e-05,0.0216368542899879,0.000206665506938644,0.0290757567269686,1.02948276869606,1.03040976051803,1.03181063253207,1.10288576046563,1.03801434241008
100,0,1,0,4,0.6,4.68601408337368e-05,0.022173039275808,4.47095044963988e-05,0.0225843777781135,7.48464121830668e-05,0.0762593913841577,4.95558015138097e-05,0.0215806273817603,3.76654950447871e-05,0.0272055518437433,1.03943059555856,1.0401896485806,1.04057506377828,1.11667525028241,1.04805270885554
100,0,1,0,4,0.8,2.94974501547703e-05,0.0199560406382533,1.83381787950206e-05,0.0206637418487848,4.47909481334376e-05,0.0691120633451679,3.25801089821229e-05,0.0197355610392256,5.22911951854252e-06,0.0254017025739343,1.01533119501639,1.01603535667319,1.01677103671514,1.09126840925078,1.02287507379471
100,0,1,0,4,1,1.91739275504912e-05,0.0219121509100027,1.38471482977278e-05,0.0220988692797461,0.00031837605673014,0.0749925969976445,1.91407110854652e-05,0.0212472118176987,2.81059010491606e-06,0.0267443763711735,1.01474930794156,1.01557363103035,1.01619889916048,1.09559392831217,1.0198471960534
100,0.1,1,0,4,-1,0.00958862309973519,0.0243052597193021,0.0093154584105316,0.0247285848567866,0.00412594892514239,0.0734100069460694,0.0118444144100496,0.0230434448716773,0.00398000878089527,0.0278642708664045,1.03966943904061,1.03852570435587,1.03935104174795,1.10727048097364,1.03927228005221
100,0.1,1,0,4,-0.8,0.00506783359606488,0.0272558979610524,0.00324301267087596,0.0276950608295138,0.001212051699699,0.0707275736263206,0.0116535455038966,0.0308800887785811,0.00222137752003772,0.030828232836174,1.05515893133764,1.04231436028316,1.04129401078868,1.10035821275197,1.04308903396859
100,0.1,1,0,4,-0.6,0.00952528567049482,0.0261825886051275,0.00481625863430923,0.0264270241122128,0.00121377563755787,0.0711000293847263,0.0280694702463099,0.0345052690007414,0.00442480291889055,0.0276777782763027,1.10233374936497,1.07219941722175,1.06672345371077,1.13188511214589,1.06917967593026
100,0.1,1,0,4,-0.4,0.0126865680651247,0.0315520680622497,0.003431817319119,0.0308433412101065,0.000932547616663326,0.0688979499005634,0.0498071052849288,0.0534865710109309,0.00452989634320777,0.0321923004019245,1.13654318471989,1.06866839977681,1.05670310779995,1.10892483813662,1.06140834027601
100,0.1,1,0,4,-0.2,0.0180195740205077,0.0286001887316657,0.00483721322737308,0.0270120717227254,0.000607384814224123,0.0736980987532774,0.0786505593809022,0.0542971171127956,0.00750409435873158,0.028199393501217,1.14068480263545,1.0499509600644,1.03421789935851,1.10242982271993,1.03819367843757
100,0.1,1,0,4,0,0.0178733415467575,0.031820522696191,0.00370457647604326,0.0298699450794852,0.000377402727480262,0.0766761354022246,0.0893833085346043,0.0608474658804363,0.0067669636853818,0.0318651973887982,1.17373377133262,1.06916384009186,1.05345523776113,1.11388620085637,1.05849275027291
100,0.1,1,0,4,0.2,0.0236127274993553,0.0357647735780861,0.00392067548586548,0.0332326742508563,0.000495869831558461,0.0767359641407647,0.132787549347133,0.0729002292195305,0.00885314955140277,0.0348236815629658,1.23513101324075,1.07918500050322,1.05816525873165,1.12296432972275,1.06637444921978
100,0.1,1,0,4,0.4,0.0322300443692353,0.0363201013037214,0.00410808401341077,0.0331554479109891,0.00152343735558007,0.0755047486919212,0.193536335700321,0.0806549530650529,0.0115144176149175,0.0377378299702501,1.30846303585441,1.08619049550758,1.05372607098168,1.11044548877366,1.07050931153536
100,0.1,1,0,4,0.6,0.03417200374086,0.0343167767414507,0.00389563356060183,0.02817992706219,0.000147344973651503,0.0757628995204317,0.223373070402143,0.0885876206424826,0.0119080827912514,0.0343875918214942,1.33482315459071,1.08593529299176,1.0510137191695,1.11421632326049,1.06833077137589
100,0.1,1,0,4,0.8,0.0430105894958928,0.0326397307180953,0.00421039357374941,0.0280447919349027,0.000664964943017459,0.0786092358130183,0.284181456168877,0.0946310556013561,0.0165167154850776,0.0339234390136764,1.41461305156331,1.08834347868138,1.03871165337216,1.11028359752948,1.0575673849395
100,0.1,1,0,4,1,0.0409042144434092,0.0291061295721918,0.00319655444508739,0.0248213366930575,0.000314211110546992,0.0679563283145825,0.307432439751151,0.0884435976473804,0.0160681782215358,0.0302776375849221,1.41957455661435,1.06991639595725,1.02548156589427,1.08686129395295,1.04718022911764
100,0.2,1,0,4,-1,0.0337615366042234,0.0196142926081589,0.0333582992938847,0.0208222899768746,0.0185507463116741,0.0845635415516827,0.0378859229871032,0.0189832871056,0.0214822870478037,0.0253965749234157,1.08137964765404,1.07859852500009,1.07967294463903,1.15839587226703,1.07264020700866
100,0.2,1,0,4,-0.8,0.0299660013649206,0.0318667668986191,0.0232337602240172,0.0333730800507575,0.00508523757764707,0.0913941182701389,0.0525543007219732,0.035710689576868,0.0159190341499234,0.033272651577257,1.10171302073577,1.07348721288863,1.0681863577434,1.13153661119501,1.06013118734614
100,0.2,1,0,4,-0.6,0.0371742586268357,0.0348551870732376,0.0207407102503625,0.0364730294900715,0.00243877018446306,0.0866207310162217,0.0909316996480187,0.0444388509254215,0.0164327408998346,0.0353628966009923,1.14932257496182,1.0846560916182,1.07123205322267,1.1254663792429,1.06873785705534
100,0.2,1,0,4,-0.4,0.0596235269002575,0.0458494302491144,0.027980511337079,0.0442254074901526,0.00092975797822964,0.0868028797144977,0.161284148204577,0.0688853543140162,0.0272355060381684,0.044523078252047,1.25400186912447,1.1240420265089,1.0917162000794,1.12771569137854,1.09275005036056
100,0.2,1,0,4,-0.2,0.0834163146320963,0.0438284719884891,0.031040125199535,0.0438553815620072,0.00144503197557779,0.0764891796209628,0.257172995292343,0.0709410117640882,0.040646703659,0.0437851653489026,1.36964452434774,1.15674923000322,1.10313626463258,1.11356607273497,1.11468915501971
100,0.2,1,0,4,0,0.116875820608514,0.0487488586006555,0.0352759911556828,0.0456388383793718,0.00330622390416115,0.0723845474069515,0.369118563152291,0.0804219509914197,0.0569785282830744,0.049294700273167,1.50035736238375,1.19384617022723,1.10382466126455,1.10889473921337,1.13502012166868
100,0.2,1,0,4,0.2,0.131161435044441,0.0558831339780078,0.0316688555850844,0.0471946256441735,0.000614953554470854,0.0702109524260539,0.458963503286743,0.100533215842985,0.0752547268384436,0.058376734645925,1.60448361199773,1.20915483891397,1.09530157534626,1.09845368800932,1.15736110567584
100,0.2,1,0,4,0.4,0.153668335777826,0.0521310560001423,0.0298622063154159,0.0429280047389994,0.00144771833763254,0.0732433265171696,0.559532814865961,0.0998041391171343,0.0903459250972892,0.0567027950461217,1.6857873494177,1.21854719046376,1.08581817285552,1.11022360039705,1.16161522339612
100,0.2,1,0,4,0.6,0.182100305028773,0.0530340614324794,0.0321479124083342,0.0417928093261456,0.00190080287330041,0.0680656715972619,0.670386650365917,0.100981651992209,0.107638796987332,0.0563585435268934,1.78670309756936,1.23001086844786,1.0698025013961,1.08413313065452,1.16535486428902
100,0.2,1,0,4,0.8,0.226437133083127,0.0707798764375602,0.0292293922732557,0.0490947353109519,0.00068954614837694,0.0790128097388942,0.833783696966228,0.110801881691464,0.135384385111892,0.0677028676114472,1.95946324439613,1.30457576600196,1.08483425497109,1.09640535785756,1.21632329023275
100,0.2,1,0,4,1,0.257594451082583,0.0704950273149757,0.029040306118827,0.0460063523267204,0.00105217523614577,0.0657481630027932,0.999781574342635,0.108621802272491,0.161607023678946,0.0710481338029814,2.18639815621936,1.3697945284031,1.10390929402922,1.11407296772899,1.27659273804302
100,0.3,1,0,4,-1,0.0611816695390614,0.0229683133609564,0.0603107272385906,0.0235999727672693,0.0419931916567885,0.0842589257638008,0.0659726202340717,0.0219853090530532,0.0444140024670082,0.0278395539663164,1.11000260510822,1.10634021573747,1.1061401425916,1.16807187147232,1.09381964073791
100,0.3,1,0,4,-0.8,0.0667417169465712,0.0327923536194009,0.0587075276481329,0.0342232947765799,0.0156152873533667,0.0952935095544917,0.0983860845463865,0.0362434812062834,0.0409039564658542,0.0345132669044634,1.14205291839562,1.10602591485109,1.10055373386899,1.14443845400171,1.08453325208447
100,0.3,1,0,4,-0.6,0.102476662640674,0.0460321531335699,0.0757358088750448,0.0496023561894792,0.0101419676401909,0.0927558570185027,0.184450031779401,0.0523348812075345,0.059740881199044,0.0464278279805896,1.2646568340546,1.16926697990719,1.14417471887097,1.13541273782877,1.12962027616777
100,0.3,1,0,4,-0.4,0.161790027255218,0.0528263330561506,0.102889293444761,0.0555586071268393,0.00904424457654082,0.0930215189547571,0.321620177865944,0.0653060872795741,0.0974915189411835,0.0544117056316343,1.4388655504531,1.25371699942726,1.19398133606404,1.14646651681692,1.19353177251729
100,0.3,1,0,4,-0.2,0.21827708288982,0.064641782777826,0.111420244486389,0.0671941565168714,0.00329481301609599,0.0850083997718852,0.48194622454969,0.0813163627232963,0.137552434448886,0.0699298475386927,1.61430208161083,1.32165834381974,1.21430776592965,1.11977084310657,1.25110551946753
100,0.3,1,0,4,0,0.280612905102832,0.0641896924377171,0.127349440237143,0.069887862530566,0.00445231299196545,0.0804520819078682,0.647448905156729,0.0823840151535624,0.174480619739967,0.0658572617845081,1.78000740107908,1.38016650409821,1.22798053971348,1.1215883856274,1.27804787182231
100,0.3,1,0,4,0.2,0.389109763238886,0.0857848937974269,0.146890522125078,0.0844912703933789,0.00323560243760163,0.0744572188596301,0.850912040491514,0.101585806550617,0.258404134555702,0.0815131017366297,1.98653785908699,1.49720414149364,1.25287306199546,1.1128475222546,1.36645610291183
100,0.3,1,0,4,0.4,0.521236858755414,0.0904384553727625,0.176315973395617,0.0877247863750461,0.00567286303244153,0.0745864486666498,1.12935376351327,0.103028249456279,0.359883175538781,0.0909419920036888,2.30748607530279,1.65265691640979,1.29076782943113,1.10455185058751,1.49310911892423
100,0.3,1,0,4,0.6,0.571871084338664,0.095779408386779,0.189031700217647,0.0932826255342273,0.00475874719589874,0.0691714906156126,1.21724754089329,0.109371331169257,0.390866851967322,0.0944467345988199,2.382957466607,1.71530506109554,1.32837584206595,1.13357931312306,1.53503845072035
100,0.3,1,0,4,0.8,0.755998105420103,0.120577655888289,0.218489496120422,0.106934160613315,0.00660625286865485,0.0736649075472915,1.52780757942161,0.130011243199039,0.552661388986228,0.117921225132026,2.69564826654242,1.90380042008658,1.3436189607551,1.10885022157623,1.70307799934425
100,0.3,1,0,4,1,0.870928498292973,0.12285156888771,0.223560022462067,0.117759997978145,0.00432180649759631,0.0667322453776746,1.72490169380564,0.115873487895621,0.646249210935844,0.133231462146455,2.80209398681176,1.98100009576967,1.35777236210146,1.10675807348953,1.78227134080123
100,0.4,1,0,4,-1,0.0954834417714155,0.0243780476709988,0.0945994202144804,0.0250197783028427,0.0706009657715075,0.0818269098860329,0.100055576405809,0.0231017591922647,0.0743962140253482,0.0289577499506807,1.14587904217124,1.1434690795782,1.14346768028641,1.19941679256168,1.12895534747354
100,0.4,1,0,4,-0.8,0.115265511353389,0.0312907232422553,0.104670190314298,0.033670580932087,0.0323429572788402,0.0904751365729009,0.153115488491924,0.0344756753527823,0.0844514894451046,0.033945893568594,1.21319404882486,1.17070266384319,1.16315968521374,1.1721746285106,1.14579514353876
100,0.4,1,0,4,-0.6,0.203489722835203,0.0544642906377565,0.166753978538401,0.0601939310693361,0.0188815517561703,0.105848990155011,0.321744231550073,0.0587995762149751,0.136365202912763,0.0597553367074296,1.40790004205965,1.27752481471936,1.24723695162778,1.15758406049397,1.21872746393479
100,0.4,1,0,4,-0.4,0.297884033242501,0.0638788702956257,0.223431705672967,0.0716469174303332,0.0166412492960892,0.102156605129489,0.504409140995747,0.0695940438607692,0.197740594308566,0.0666029372780848,1.63225890823697,1.40890778868489,1.34100808084823,1.16302644543265,1.30750617622315
100,0.4,1,0,4,-0.2,0.454608381414194,0.0729153850662455,0.324192769092775,0.0839796914486838,0.0191202961833545,0.0984993764523657,0.751914619118904,0.0726873772420905,0.330871005684773,0.0850533578925254,1.87965311615761,1.56901991362624,1.44627825109607,1.16316668804755,1.46118830334178
100,0.4,1,0,4,0,0.644189630968083,0.0930265854319353,0.400312121115542,0.103238880664181,0.0226735326579058,0.120522444388665,1.04352986742899,0.0972218174349121,0.468431039433418,0.0978987699640161,2.191308141887,1.78225792279007,1.54881025372332,1.19706190024117,1.61917682542798
100,0.4,1,0,4,0.2,0.818984762677998,0.109127761131338,0.516062358174282,0.126707990866146,0.0164720245290418,0.104778669001083,1.29143180506334,0.10728516918066,0.586268460550528,0.105545406526667,2.39997798458718,1.93639569469788,1.65914412246918,1.1512276922391,1.70719795587647
100,0.4,1,0,4,0.4,1.11808631892231,0.121738834425556,0.681582243700328,0.150152088085618,0.0190277677801838,0.101286690303928,1.6416035376066,0.114278824991296,0.821195939583045,0.128944804540232,2.76009679208271,2.23996062426236,1.83434714171872,1.14548468564557,1.9663384602674
100,0.4,1,0,4,0.6,1.32363928214866,0.128538247008046,0.763065860480601,0.173288705673773,0.0188421131365608,0.0914929531360865,1.91220760557251,0.117130103679524,0.96889158963975,0.132594429531272,3.04805697510156,2.46027165720421,1.94132697951811,1.13565299484294,2.11867112590995
100,0.4,1,0,4,0.8,1.61139030745093,0.148440867528858,0.888598911402695,0.201887307227384,0.0204212238912817,0.105418084215368,2.25354803544367,0.133700011605211,1.20181783145424,0.158555702657737,3.41933735240587,2.77503820862667,2.09624290779535,1.16048803565223,2.38104348887058
100,0.4,1,0,4,1,1.78697180910899,0.124203035374658,0.982429975947158,0.19087130731576,0.0111905739793819,0.0933461683779257,2.44109871993208,0.109316042827417,1.40279841331691,0.136768427605611,3.61689360332005,2.96789278081214,2.23502519950073,1.12141583946048,2.5968134738427
100,0.5,1,0,4,-1,0.128912410472414,0.0217753167747923,0.127700925034191,0.02316737425835,0.11600979516738,0.071767492632934,0.132234736235188,0.0207899875807666,0.111142652751408,0.0258838092238888,1.18146281313843,1.17952087899092,1.17880213230551,1.2441228904728,1.16439258221436
100,0.5,1,0,4,-0.8,0.17432232281958,0.0402751797546815,0.166893677721222,0.0421279448514353,0.0570474807102442,0.10462652826943,0.211160500577027,0.0437212543894429,0.137022435144722,0.0471194986169049,1.27340241645938,1.23443097048184,1.23030427935943,1.22158283468905,1.20943578700358
100,0.5,1,0,4,-0.6,0.336403056432717,0.0536684927528299,0.300887986413228,0.0598974626970548,0.0473471203581723,0.13687542393109,0.454821141901443,0.0551133237627852,0.256005421435227,0.0602174101073434,1.54857213551139,1.41934128809959,1.3864683986888,1.22377741937462,1.34738073209727
100,0.5,1,0,4,-0.4,0.544812238665947,0.066031985392473,0.466655042770481,0.0769636740555174,0.0607717203445198,0.148764963895925,0.754789886374882,0.0656949702357565,0.432228323064318,0.0770723588800812,1.85607581293909,1.64057609775007,1.57225864165484,1.24626461032683,1.54133201489038
100,0.5,1,0,4,-0.2,0.791905399278458,0.093052081044166,0.675024620873,0.107630944890025,0.0753052681209605,0.159538850045196,1.05912858230004,0.0854568483340885,0.625949414076313,0.102907052814356,2.17592679714358,1.91310659597383,1.8125379289848,1.29763237260705,1.76785574102354
100,0.5,1,0,4,0,1.0845585196072,0.0914811669851453,0.902608318252466,0.115951573814408,0.0650710629009818,0.173823707565589,1.41317646611581,0.0817729487962739,0.849474902630026,0.104161954715293,2.52739698566013,2.20143327644703,2.04200022931705,1.27382016444142,1.99361038261568
100,0.5,1,0,4,0.2,1.44008014675462,0.115089767148949,1.18928054505254,0.144137438213651,0.0703064316624693,0.160425948002641,1.81704017673043,0.104124570563019,1.14803656276243,0.131636668314858,2.94739209129945,2.58350750766166,2.36864650564212,1.27410234928715,2.32038321575021
100,0.5,1,0,4,0.4,1.6336819389761,0.11219151870304,1.3091246002301,0.148718827888234,0.0592944435270748,0.132884334897184,2.06449722377615,0.105646141946592,1.29528742910484,0.130391690809047,3.23275787503574,2.79960672380682,2.51554841844118,1.22668556533972,2.49622628516634
100,0.5,1,0,4,0.6,1.98922152683639,0.128977523009522,1.62282322327869,0.167878528571665,0.0763439894164467,0.195137962553067,2.42122800875485,0.116119345804152,1.60857960685898,0.13709694739598,3.61949112142912,3.1930966712986,2.86059421399501,1.30458109690489,2.82712975957344
100,0.5,1,0,4,0.8,2.27091019546931,0.138663257332485,1.83112256558316,0.182866776144792,0.0897956292137966,0.19025894513009,2.74902314927556,0.124259658413749,1.85229248594374,0.159218160260173,4.02559649820231,3.54634073672615,3.14527232677665,1.3540737792466,3.15161763412782
100,0.5,1,0,4,1,2.64998599016309,0.144550411645684,2.26023914830055,0.194691805008441,0.0746690226226868,0.145971923432184,3.05159329822506,0.128169320868783,2.24883466886426,0.163706441400097,4.2369660888889,3.85811350443966,3.52550807511541,1.30244867679171,3.49469090264616
100,0.6,1,0,4,-1,0.141449107232059,0.0200395468496986,0.13996596204551,0.0211943775866503,0.114126395935462,0.0774115347856166,0.146168582723001,0.0195839626632099,0.124975709018166,0.0248790726889842,1.20528970387952,1.20137043255044,1.20186367487481,1.26848663825026,1.19190114800879
100,0.6,1,0,4,-0.8,0.233108403256746,0.0425748718648215,0.224612911302903,0.0434528850392855,0.0972009122015278,0.126247153614564,0.270187449940667,0.0413938656692304,0.193796703964619,0.052110377638322,1.32951492298963,1.29050448312386,1.28509826694751,1.27245976196837,1.26558225257619
100,0.6,1,0,4,-0.6,0.48375094432468,0.0678403561413588,0.453685851717003,0.0718222098847094,0.145616027098466,0.19908187378889,0.593900816362776,0.0632759705007457,0.411981627770189,0.0810931098814583,1.68656981367895,1.580479222343,1.55410667978755,1.41852746451437,1.53216435134294
100,0.6,1,0,4,-0.4,0.777315274974441,0.0651100402622444,0.733960201010419,0.0728649923004989,0.177270558430546,0.20238933820408,0.932223955762457,0.0587732494260495,0.639953548643642,0.0822208720865457,2.02666150011345,1.88098550244697,1.84551399930921,1.44203792573259,1.7728661706253
100,0.6,1,0,4,-0.2,1.19884639186047,0.0996940903644725,1.12706101406954,0.106268604255496,0.259606368512321,0.267606004181145,1.42131002543477,0.0919581978821941,1.00633996317595,0.116523837374868,2.54893881401087,2.33349476101119,2.26990787113425,1.57916586615495,2.16690591336671
100,0.6,1,0,4,0,1.54179593267979,0.0993677069732205,1.45171278172765,0.108762864677181,0.32290598410349,0.317977904969104,1.77605699742555,0.0897890229169736,1.32212942762167,0.113951418281934,2.94969006757335,2.7202072165362,2.64119585803876,1.71223491189812,2.52718247552087
100,0.6,1,0,4,0.2,1.93227347465287,0.11171095923431,1.80397348414572,0.129035680425598,0.298295524365102,0.347381909763911,2.21408943732047,0.0982637059525667,1.64334611572892,0.134931809881816,3.41506049547514,3.14183131765173,3.03065272591797,1.74022306595333,2.88468733334506
100,0.6,1,0,4,0.4,2.32207864202713,0.115343825792151,2.16814342991527,0.147406423405462,0.401069681820018,0.374547796203338,2.63093285821132,0.103984805460925,2.02295492113056,0.141178670425239,3.78364455252751,3.48852789083781,3.36731802239216,1.85572089874765,3.22697217079967
100,0.6,1,0,4,0.6,2.7430441003791,0.131740344514864,2.59745625183688,0.153251265083874,0.556502456120546,0.445120258219661,3.03735235143198,0.117538913758463,2.4098271697603,0.159672235049702,4.23201703687421,3.94336822658586,3.81385789916138,2.05673144554786,3.64089245707731
100,0.6,1,0,4,0.8,2.9985516925815,0.127547654099643,2.84503463501616,0.147941331299581,0.612272601244213,0.494375240244435,3.30311474189712,0.120421185581321,2.61332775690824,0.160302953008477,4.59139882863966,4.27774738239874,4.14130443037119,2.20423776986138,3.92686038511233
100,0.6,1,0,4,1,3.38664042835857,0.122436754603166,3.23566329251851,0.147265355482063,0.808952251666332,0.537986491678778,3.66387413688353,0.113988959609972,2.98187977886449,0.145432759749103,4.87610778682635,4.60509381485942,4.47826123395206,2.44984697357652,4.23198447711639
200,0,1,0,4,-1,5.9848281275267e-06,0.0107983184241806,5.10242060222672e-06,0.0108846435344673,7.66369875573801e-05,0.037737282228309,6.61121310559222e-06,0.0102888355295703,1.59036342674817e-06,0.0137892096202466,1.01058308388401,1.01149786204195,1.01133929007483,1.0512282003131,1.01512923705687
200,0,1,0,4,-0.8,3.41589139587814e-05,0.0116164540736833,3.4709311301423e-05,0.0116233351737467,8.41353691752633e-05,0.0368515700610882,2.92496810133038e-05,0.0108629259585431,4.46022660665795e-05,0.0140534782397138,1.01604301947573,1.01683856694612,1.01669143758908,1.05258083857435,1.01911822595456
200,0,1,0,4,-0.6,6.62139555434839e-06,0.0110079425754789,4.75231153299953e-06,0.0110875940152912,5.15201853472442e-05,0.0343259881947092,3.42821269046903e-06,0.010492100924926,2.73615867606107e-06,0.0141683258844711,1.02287921542008,1.02368864528801,1.02382410746388,1.05879773862696,1.02776764438135
200,0,1,0,4,-0.4,2.31044708498246e-05,0.0111031644950939,2.19851602029528e-05,0.0110432965103332,7.91265276526702e-05,0.0366586190687813,2.35743572179336e-05,0.0101235089762361,1.11787478066626e-05,0.0144786844507931,1.01885725331106,1.02006168071295,1.01998544706711,1.05608166333094,1.02485079733729
200,0,1,0,4,-0.2,1.52870213615663e-05,0.0115763377923567,1.12902512177605e-05,0.0118694450401481,0.000147487882026497,0.0349047976603942,2.23747398242447e-05,0.0112017141470026,1.43324942980274e-05,0.0138622419789469,1.01598971503748,1.01691144787021,1.01743903601031,1.05398147882755,1.01983644890836
200,0,1,0,4,0,4.32362207362824e-06,0.0116080053546408,4.86246573326561e-06,0.0118185180423683,5.41068720458122e-05,0.032910417111471,7.24815197363239e-06,0.0112184122212559,2.1006093528451e-05,0.0140259679659683,1.01126739902131,1.01204263744452,1.01245180681755,1.04787904817472,1.0159234402974
200,0,1,0,4,0.2,5.17214376733382e-05,0.0112124388177858,4.85131684768625e-05,0.011156775287282,0.000134947432415831,0.0358833676217417,4.72584353855712e-05,0.0105306783957893,4.51251399927739e-05,0.0144321075606057,1.02059396284388,1.02162632929443,1.02153194355055,1.05817496008681,1.02556358160566
200,0,1,0,4,0.4,2.67118683876892e-05,0.0106082009876143,1.97074765180367e-05,0.0107717408131065,0.000344280920845885,0.0375423451441845,2.38407460130603e-05,0.0102782872789661,3.78591675972004e-05,0.0138337681918245,1.00852427094316,1.0092834859666,1.00945920878855,1.0502932005094,1.01312364914446
200,0,1,0,4,0.6,0.000114798824978988,0.0109288304686332,0.000105252932137796,0.0110976141910945,0.000350199322286664,0.0359516782337888,0.000106482498570241,0.0105615285554089,0.000177715187729368,0.0141731037268532,1.01090218846045,1.01157592538069,1.01156389560916,1.04940365609324,1.01672077653471
200,0,1,0,4,0.8,8.00915639903577e-07,0.0105045343435928,1.1587052378076e-06,0.0106368288762271,0.000115468003367989,0.03834548050428,1.6852390383327e-07,0.0100359355966572,1.6663980892261e-05,0.0133139095561318,1.01539840478957,1.016087877067,1.01641857815943,1.0537001715491,1.02107224992125
200,0,1,0,4,1,3.07784468162798e-05,0.00962325781915199,2.33212212238933e-05,0.00973983253489202,0.0001611584320098,0.0325095441316212,4.84688168756794e-05,0.00926567593789075,2.61215363469883e-05,0.0121629038848225,1.03211951219439,1.03240976837116,1.03237259125983,1.06731632648693,1.03642360784909
200,0.1,1,0,4,-1,0.0114680173057017,0.0113665792434202,0.0108348200363329,0.0116228194919694,0.00456214152330676,0.0407369764568569,0.0140562768560258,0.0111829781159659,0.00636531039130222,0.0132912999191369,1.0309347151679,1.02913946362295,1.02860204764058,1.06108471628213,1.02590444950084
200,0.1,1,0,4,-0.8,0.00850236197837766,0.0127811300748962,0.00588872687202473,0.0136868239574586,0.00139161543498018,0.0352916026320735,0.0182003086434168,0.0153488814081045,0.00378054117262508,0.01284642190197,1.0491174755233,1.03551859307489,1.03354124330433,1.05931663350329,1.03099022604285
200,0.1,1,0,4,-0.6,0.00817093305068165,0.0142292110448489,0.00374214697047971,0.0141937580431356,0.000251253154145519,0.0398107564686337,0.0256721932507857,0.0189968267295277,0.00347214136492017,0.0158002233508242,1.0527511732691,1.02744435092882,1.02233916861922,1.05162462407917,1.02453084969625
200,0.1,1,0,4,-0.4,0.0121340370848808,0.012875958759678,0.00383780694335886,0.0131840077895211,0.000557698547146113,0.0424226378180164,0.0497979760421104,0.020008854815834,0.00542921127931519,0.0136390249694795,1.08059840574702,1.03324523097473,1.02511840780633,1.06138924567752,1.02744712684757
200,0.1,1,0,4,-0.2,0.0158515883841012,0.0180756880913064,0.00423466145617469,0.016755108766094,0.00030553264695981,0.0364022402916421,0.0727041246907708,0.0313657398580466,0.0066339720722698,0.017733291895523,1.11023831864658,1.03732365743611,1.02425598346594,1.04479384019164,1.02724005945254
200,0.1,1,0,4,0,0.017934837708304,0.0175847300557785,0.00320894257947082,0.0153722951057821,0.000518735556334447,0.0353014088238134,0.0971049028542005,0.0334566729907322,0.00671491129092703,0.0174864034496331,1.14313734767091,1.03958383035114,1.02021838100725,1.0467983025137,1.02722445604887
200,0.1,1,0,4,0.2,0.0217957103693445,0.0170596780555154,0.00311313186834703,0.0160389038520375,2.56409175294143e-05,0.0326307139085792,0.136868020290715,0.0387386036282514,0.0083974759610371,0.017340980417252,1.19847320832375,1.05334031196334,1.03231693016392,1.05625404700573,1.04086532196156
200,0.1,1,0,4,0.4,0.0278263099945655,0.0159896507219148,0.00366362484237353,0.0147659482291079,9.21631071578436e-06,0.0323653503115233,0.175270163483316,0.0339054394782803,0.0106264675835858,0.0164035817138725,1.21259628673887,1.04803924851038,1.02506392627038,1.04867098918989,1.03266826584202
200,0.1,1,0,4,0.6,0.0330464800164197,0.016293158093194,0.00325835996011397,0.0142236006832528,0.000178067528534483,0.0352544704783185,0.225268001553414,0.0404218161972942,0.0133816893667423,0.0165716909439359,1.2843463274574,1.05953419354327,1.02539073062502,1.05516174803493,1.03991563552629
200,0.1,1,0,4,0.8,0.0395971539991926,0.0186112344174945,0.0032782232087284,0.0148260721018974,0.000382059641562551,0.0346147274701498,0.294493794068322,0.0487698662716555,0.0165294397051622,0.0176168872181943,1.35971685623012,1.06031439451321,1.0166076972502,1.04116470455042,1.03533198624676
200,0.1,1,0,4,1,0.0461747921239439,0.0161204768395627,0.00376285082432688,0.0133465859115374,0.000183891916738881,0.0345195053550678,0.333418216493123,0.0479886608872964,0.0197220928950974,0.0169173908769281,1.39094593574149,1.06864901451251,1.0231185767763,1.04901438546516,1.04323261566801
200,0.2,1,0,4,-1,0.0355300356687995,0.0109205158345066,0.034694160792172,0.0112991645287207,0.0168956283534071,0.0444750609289365,0.0410762702698362,0.010507796217001,0.0220400670061821,0.0139270397854402,1.04898351977543,1.04424136518932,1.04377702022538,1.0695428907822,1.0360728522547
200,0.2,1,0,4,-0.8,0.0277731537611976,0.0160905484708638,0.0212994866985016,0.0166844506274707,0.00383745831034225,0.0426153426480229,0.0503155799357222,0.0173933439489106,0.014890794387831,0.0166928067329308,1.07371379508493,1.04861659672619,1.04279769113028,1.06317754987137,1.03642375735041
200,0.2,1,0,4,-0.6,0.0364952698270887,0.0177469662697192,0.0208968608107776,0.0186234417503294,0.001155337623685,0.0362317554501043,0.0940056284767391,0.0231213965426129,0.0169955908490532,0.0165084310321685,1.13692899805305,1.06858560481365,1.05276318205048,1.05672888544522,1.04774145806129
200,0.2,1,0,4,-0.4,0.0591448941208847,0.0205091205578456,0.0267780114122832,0.0215402918868359,0.00117228970272308,0.0405927587877223,0.170667040569435,0.0297987858825885,0.0270395195345923,0.0201965102420386,1.21444270397704,1.09084074021227,1.05996363788541,1.06188683210814,1.05985759384703
200,0.2,1,0,4,-0.2,0.0733618946252855,0.0233370589012666,0.0239117625600894,0.0218237011901138,0.000248688526595472,0.035534896244155,0.25248291112801,0.0381902253906347,0.0338224099797055,0.0227123021431492,1.29282284739278,1.09673261524531,1.0462960340246,1.04556541259717,1.05801348634618
200,0.2,1,0,4,0,0.0942275194382815,0.0243144629439816,0.0257923693629589,0.0235805375324371,0.000988585706541428,0.0317769059269923,0.343202378113058,0.0408117776317917,0.0488793696832005,0.0240819512590304,1.38817064974319,1.11873532288513,1.0504930971052,1.03975635752115,1.07348401989389
200,0.2,1,0,4,0.2,0.126147162038429,0.0241289298189317,0.0293956712034045,0.0207184945570906,0.000878681794594534,0.0326549065542254,0.474386293287353,0.0478280698017851,0.0741029295867561,0.0261588853897971,1.54280393989665,1.16496274895863,1.06390051543124,1.05170960738975,1.11546814270367
200,0.2,1,0,4,0.4,0.15573493140797,0.0273392788262711,0.0316407860515838,0.0228015548334542,0.00110554680315521,0.032136347224459,0.591229947593823,0.0508848778610399,0.0918454081433701,0.0279152997850193,1.65771089482639,1.18971454642171,1.06024521054435,1.0495320358545,1.12916495193126
200,0.2,1,0,4,0.6,0.187639817232115,0.027039821576878,0.0321391984238487,0.0220704373866191,0.00104628448883103,0.0308416084379185,0.718739090555168,0.0544609817853106,0.117963555541253,0.0287470359505328,1.78713510304255,1.22573405448861,1.06651059389768,1.05326350287856,1.1608187819111
200,0.2,1,0,4,0.8,0.222067966053932,0.0295497318930361,0.0300178544001424,0.0223843651255027,0.00102850645691976,0.031088224236537,0.872454296109851,0.0533230148407736,0.145373768482098,0.0339791800532969,1.94797562236906,1.26574228886824,1.06514694375499,1.05291104048336,1.19461727959233
200,0.2,1,0,4,1,0.24826037865163,0.0318974472198957,0.0297354941135596,0.0204561769264093,0.000940379028705184,0.0338971172639291,0.984813526747939,0.0541762724801264,0.173657926634446,0.0380448460974309,2.06339271717591,1.29132577640108,1.0581877911944,1.04874053644535,1.22631623784367
200,0.3,1,0,4,-1,0.0679666584938565,0.0117166323467847,0.0670348260478869,0.011753415217497,0.0460353702732273,0.042978253902356,0.0735783895082224,0.0111333240551375,0.0502089312306353,0.0139876149011119,1.08707977090808,1.082653538409,1.08227350730049,1.10451965680216,1.0684891532881
200,0.3,1,0,4,-0.8,0.0636445681904969,0.0165555093971464,0.0549124874990869,0.0181776984512546,0.00909312332802594,0.0433118354390655,0.0982598803443712,0.0164292777374459,0.0385095844368369,0.017876034799116,1.12795369484162,1.09214362144888,1.08537148078326,1.07546801212113,1.06807036406813
200,0.3,1,0,4,-0.6,0.0972645562474305,0.0208103104440514,0.0695292096565091,0.0215500946771243,0.00471621304170084,0.0428591373259543,0.187154034228381,0.0258163717639904,0.0593730496753985,0.0216155375084261,1.2237408853703,1.12675476509392,1.099351621138,1.05973953644654,1.09151331196274
200,0.3,1,0,4,-0.4,0.156145853120639,0.0269251061364075,0.09325772550878,0.0292965498118613,0.00505370360359502,0.0409451265789139,0.339172890273428,0.0323807381290587,0.0947964285246003,0.0255409325667752,1.38930325621525,1.19818014670594,1.13878416327211,1.06888774294785,1.13582552810078
200,0.3,1,0,4,-0.2,0.212973157408301,0.0304953828410005,0.10830294983188,0.0315540938605001,0.00320603052206972,0.039847237329777,0.485660003946479,0.0411769540614471,0.132068848940674,0.0308986784906759,1.53865072240676,1.25250202551123,1.1489250776828,1.05688208445756,1.17574489552303
200,0.3,1,0,4,0,0.301541908673857,0.033478159188488,0.130367304926639,0.033626548443291,0.0039673878600158,0.0418002490918014,0.694560304393538,0.0425304563489231,0.197410696295941,0.0344237481871492,1.75685116306592,1.34816382598255,1.17566486198692,1.06306023228478,1.24705923162284
200,0.3,1,0,4,0.2,0.39723053541931,0.040442204682661,0.15447181151419,0.0377507421144443,0.00482659641874323,0.0366108267134775,0.8962795994085,0.0507003794127066,0.282710752711929,0.0404925872654199,1.9791527120428,1.45836010188136,1.20989445360679,1.05840777788721,1.34830043621766
200,0.3,1,0,4,0.4,0.47480828499708,0.0477032196119281,0.151558545504045,0.044014407377698,0.0038244559592984,0.0346377101280771,1.0824843860077,0.0558158839288035,0.334226550459655,0.0445875496074521,2.15040130242611,1.52932960304756,1.2010901971651,1.04518356134372,1.38826498175724
200,0.3,1,0,4,0.6,0.571611052733404,0.049762410318972,0.158378620439766,0.0440383547314821,0.00401768112303212,0.0330509457566791,1.26864184756756,0.0558342815350997,0.41793693308106,0.0509849810288452,2.36210929969727,1.64839273393244,1.22366019763126,1.05802948583528,1.49941444970313
200,0.3,1,0,4,0.8,0.696157462223627,0.0626817797162206,0.175908444018377,0.0480351149785637,0.00342545847376291,0.0337433228114558,1.50861452762119,0.0643600283637032,0.533621027769501,0.0608841046258292,2.60096378619169,1.77342222651098,1.23531739286739,1.05322705131207,1.61001816443513
200,0.3,1,0,4,1,0.826967652009749,0.0525359729083146,0.19070089277917,0.048727128424368,0.00393141923294343,0.0289906727554391,1.73230507358537,0.055723622631262,0.630705845614626,0.0547814767013093,2.80633687149784,1.88848312471439,1.24439476531356,1.04256762530488,1.69778637794861
200,0.4,1,0,4,-1,0.0948520402565726,0.0114674507132904,0.0935775174579149,0.0118283651947467,0.0784794485461794,0.0382271759086451,0.0990276201206106,0.0107267741543977,0.0741008833395408,0.0129191057044425,1.11375915141935,1.11111602405365,1.1101583233245,1.13525817356756,1.09281454192767
200,0.4,1,0,4,-0.8,0.118864938407106,0.0178461415113826,0.110379836804772,0.0192683554902832,0.0229582249732724,0.0513341409093116,0.1627476925963,0.0190484267311653,0.0872188813568061,0.0199648813056568,1.18233796766065,1.13617413011678,1.12875241042767,1.08490312877216,1.10744698265887
200,0.4,1,0,4,-0.6,0.183202579917188,0.0256017223075366,0.150255614027087,0.0295026651726194,0.0117126429216993,0.0538176634169729,0.293534338757912,0.0261892443877834,0.125726920437981,0.0283855681885523,1.3264341674536,1.21283046057452,1.18474474966719,1.08023159298227,1.15965479198272
200,0.4,1,0,4,-0.4,0.323385074975001,0.0335360773377399,0.241044527797692,0.0376883310080527,0.0138701041219991,0.0481866587681065,0.541996680532215,0.0339140558241342,0.224935063594108,0.0355519813378181,1.60802801442927,1.38162684191701,1.30137968343961,1.08030088649539,1.28529738006577
200,0.4,1,0,4,-0.2,0.452241291185739,0.0398506605875525,0.302942589379239,0.0443981612302322,0.0114741772712862,0.0486999559553256,0.769676194173782,0.0428778590121145,0.324792875869054,0.0435556302987049,1.82241774950028,1.49981565233458,1.35603262825433,1.07826351275814,1.38136860967998
200,0.4,1,0,4,0,0.615095225440474,0.0472821549929724,0.398010166383426,0.0539943510487992,0.0131728908615476,0.0491500875433703,1.02116304398012,0.048851529583412,0.461498682691205,0.0527953970948006,2.08523789389067,1.67731844675483,1.46823027860561,1.08119322517469,1.53202048259612
200,0.4,1,0,4,0.2,0.834088071044619,0.0493188379310664,0.50769116663922,0.0583084166434795,0.0154069835124702,0.051030201167194,1.33238916297778,0.0483014114059353,0.62231734134366,0.0517297905284093,2.40806738980814,1.90006560508955,1.57928690086482,1.07833495830322,1.69018063377862
200,0.4,1,0,4,0.4,1.03281758806852,0.0569589337175287,0.575662382915603,0.0724543509569484,0.00850768734996649,0.0400511205844164,1.61479511501141,0.0539623511619767,0.787724747741221,0.0544348673421019,2.65110973450335,2.07481168375294,1.63960051449492,1.05747822676848,1.83544990883252
200,0.4,1,0,4,0.6,1.27939844404551,0.0606329826726121,0.710694593208425,0.0837246151471868,0.0108584022669789,0.0394890427592711,1.91084322085681,0.0529596914681281,0.976956246430053,0.0610266789892809,3.0183149398131,2.38101502289062,1.8280563842464,1.06720026995621,2.08055412334084
200,0.4,1,0,4,0.8,1.49530604694577,0.0699915964316947,0.815203149434207,0.0913549883196024,0.00809694582242899,0.0394970588952116,2.15601795032781,0.0622884313335024,1.15699634091805,0.0712084190723251,3.25684667707384,2.59940057487654,1.93839948297147,1.0628230558256,2.26568217285536
200,0.4,1,0,4,1,1.74721167833912,0.0725759201907929,0.9432906801028,0.10656320265286,0.00992945391898647,0.0339718191019786,2.45301528313731,0.0613099051316177,1.41787504314828,0.079007368217799,3.55715548945297,2.85501426757668,2.07730592348772,1.05716652665545,2.53325610666534
200,0.5,1,0,4,-1,0.120523234714584,0.00963912636272428,0.120065530841391,0.0101462743220637,0.10476577415661,0.035954118450448,0.124342602198651,0.00924794033173675,0.103064683552242,0.0132705750852563,1.14072765249211,1.13788333541919,1.13799534543804,1.16424289550262,1.12381798152861
200,0.5,1,0,4,-0.8,0.181209443450923,0.021121130450028,0.174330520379208,0.0219648083766322,0.0596282111347964,0.0564818901735825,0.226247039606072,0.0213040267006816,0.144366715992293,0.0246930748717654,1.26039948251172,1.21377147429052,1.20756034592212,1.13454366767466,1.18092221758304
200,0.5,1,0,4,-0.6,0.320278693635607,0.0291768807608665,0.288584588858299,0.0318823766755965,0.0432787773393414,0.0668563176742779,0.434817839330671,0.029012154860865,0.251611572561675,0.0327925623840681,1.47505960818151,1.36160854880519,1.3333798175373,1.13899998393527,1.29901765294576
200,0.5,1,0,4,-0.4,0.553392167193304,0.0368099378303013,0.47992351211949,0.0420822783552251,0.0420285214626426,0.0661523084371823,0.765968800500331,0.034820269623259,0.427087548027563,0.0427310090912141,1.80565308434941,1.5952248620004,1.5278535481181,1.13393199390782,1.4789786708732
200,0.5,1,0,4,-0.2,0.777721999343089,0.0477864420838879,0.64928266531366,0.054692809059655,0.0462441149817768,0.0671431655331347,1.07393256523138,0.0441447450210765,0.617772647627389,0.0517183046494454,2.11494670939371,1.82135318555714,1.70357797116648,1.12818390501749,1.67101364955997
200,0.5,1,0,4,0,1.09124154321426,0.048161117150988,0.910585845623328,0.0576354237668178,0.0359466716924551,0.0537505799676398,1.45046679565354,0.0443814271531667,0.875827281190073,0.052893846743032,2.50942233953295,2.15100805066611,1.97865021155153,1.10099818547627,1.94953389052279
200,0.5,1,0,4,0.2,1.36682496045147,0.0517302091045152,1.14028102972117,0.0622578808866126,0.0516699681171741,0.068354148378791,1.75239537105553,0.0481494922663579,1.10613770028121,0.0587837359338092,2.78955334902405,2.41442153889986,2.20589194089594,1.14213191054537,2.16629145425377
200,0.5,1,0,4,0.4,1.74751973292977,0.0575900104350437,1.46991497678194,0.072687819010232,0.0518571523936613,0.0761473521916758,2.16451439961387,0.0516638837271811,1.42650915361295,0.068653447677671,3.24613714764201,2.83494218864683,2.57509048952201,1.15531715613753,2.53334747864754
200,0.5,1,0,4,0.6,1.96361744683303,0.0704484998306629,1.6159809087515,0.095113907326261,0.0632049741706475,0.0811399355000814,2.41969815096544,0.0626258972919229,1.62707948669561,0.0735545277031314,3.50061248179324,3.05203802322527,2.7295363515396,1.17412443850004,2.72137320695318
200,0.5,1,0,4,0.8,2.39605112603198,0.0706782119308515,2.0316269767048,0.0908054524649786,0.0557165081516407,0.0628565263612544,2.83781882362052,0.0641208016091154,2.00235509607652,0.0762445757559642,3.90257672868603,3.47389830479061,3.13727810130432,1.13799944260087,3.09154131526281
200,0.5,1,0,4,1,2.64436685125595,0.0644585193666612,2.23696278651894,0.085797247591991,0.0627661485305571,0.0712071735069056,3.12005116361552,0.0617911912382351,2.23956535085948,0.0748335980031739,4.19706159407967,3.72596126425627,3.34641921988348,1.15820403818082,3.33908146667742
200,0.6,1,0,4,-1,0.143447004909256,0.0102682908346016,0.142731162437378,0.0105258368899132,0.134615537618198,0.0380156330576533,0.146368560432988,0.00993086861280082,0.127694380681078,0.0123639679113892,1.15889162884601,1.1563783623304,1.15605608353831,1.18833864471563,1.14431539283703
200,0.6,1,0,4,-0.8,0.227256948451998,0.0203067975410443,0.221153263935837,0.0209075887134898,0.0972370415549494,0.0614087810465018,0.268780593389496,0.0197400694063345,0.189714687456651,0.0238932794966584,1.31330894790166,1.27178998863708,1.26660140155247,1.19701637374314,1.23808755109847
200,0.6,1,0,4,-0.6,0.49166076071727,0.0271353550789922,0.4718111080361,0.0295866638709265,0.123158633455067,0.0881933137678469,0.590933097526651,0.0271968534261884,0.414038486871817,0.0318826671792898,1.63596667827163,1.53617452572998,1.5193450845433,1.24382032320175,1.46378693278239
200,0.6,1,0,4,-0.4,0.786463428202614,0.0365119988255342,0.742585143021007,0.0394865977392555,0.124447856222304,0.0823708163788768,0.954491128692997,0.0337811387918633,0.658843947352615,0.0441393506905919,1.99664202747802,1.83091581101363,1.78996587795962,1.23680609382248,1.71783239465222
200,0.6,1,0,4,-0.2,1.21684867806126,0.0421958466393701,1.14328330458353,0.0460965500830974,0.148345431864829,0.116154217945004,1.43829456049472,0.0405214291434946,1.04178773176919,0.0484185195055159,2.50524046953548,2.2850271969468,2.21594597048786,1.30131401626589,2.11774350639266
200,0.6,1,0,4,0,1.56862343470913,0.049762909618696,1.48925462879399,0.0562339911628373,0.211227758330949,0.157530568963815,1.82907279706951,0.0446071827068155,1.3430738492267,0.0564057963089522,2.91100989500652,2.65424375100465,2.58112219009484,1.39582342982276,2.44188556680795
200,0.6,1,0,4,0.2,1.91938427508734,0.0592008176878728,1.78791182031031,0.0736598335986947,0.241409200820872,0.146474800013185,2.21076298060609,0.0531869964782207,1.67012727888519,0.0715715634359532,3.30185271618925,3.0124891370753,2.89569226854106,1.42351562188071,2.7786332667942
200,0.6,1,0,4,0.4,2.34657957107598,0.0585313165096232,2.18327297028399,0.0847379019986212,0.298742093999847,0.203010747128222,2.63459632597172,0.0551662189230689,2.04384119413678,0.0705298744234864,3.6980378581225,3.41662651031699,3.284560414723,1.53619551170734,3.1360124327435
200,0.6,1,0,4,0.6,2.64551906456953,0.0634386855780711,2.49921902578886,0.0730459179777588,0.319137157982548,0.211640186266961,2.94709694130826,0.0601379991531333,2.31898832795958,0.0731585282137214,4.06177704576997,3.76108261538179,3.61969572601793,1.5790790524681,3.44427844509161
200,0.6,1,0,4,0.8,3.07328099813073,0.0672509717025484,2.92584074767902,0.0813243077049472,0.457716010171856,0.244953341472599,3.35758520334874,0.0596138435882111,2.72707414275051,0.0788933870778954,4.48646123116972,4.21196760160278,4.08280296972774,1.76504773737367,3.88792965356106
200,0.6,1,0,4,1,3.45091985080678,0.0708988760980203,3.33600260281405,0.0805049445855349,0.660985976595807,0.411907941489738,3.71678591721285,0.0632646203966125,3.07698547857049,0.0877174758232418,4.82218767768311,4.56296897869265,4.45722558364084,2.12752688063529,4.20936113389766
500,0,1,0,4,-1,9.55537218641676e-08,0.00455356336324336,2.66524596669514e-07,0.00451495793261501,3.62944812321221e-06,0.0128981176500663,9.79560669069e-07,0.00440393441119063,5.45372790931871e-06,0.00548441273202832,1.00483406687441,1.00518557372774,1.00517367034319,1.02053686700025,1.00651739810819
500,0,1,0,4,-0.8,2.65070747902497e-05,0.00404585505290637,2.928361869987e-05,0.00404318777170222,1.62808619431287e-06,0.0132789872257729,2.80330118064184e-05,0.00387175713831458,2.81313605446332e-05,0.00497908220043578,1.00417709374709,1.00442194481595,1.00446603285087,1.01820600386611,1.00549146529361
500,0,1,0,4,-0.6,1.55137983891985e-05,0.00437485215578639,1.46946811196785e-05,0.00440392593007935,2.12049404628816e-05,0.0151337541215662,1.60920717019903e-05,0.00429224042852462,1.58576399502969e-05,0.00524365943660224,1.00556642776154,1.0060172571872,1.00600690857981,1.02240447073984,1.00723904553554
500,0,1,0,4,-0.4,1.32965173492439e-05,0.00404993538715396,1.13147525626283e-05,0.00404931250298978,1.40002219711743e-05,0.0130864031543191,8.03926422932009e-06,0.00383994194005757,2.91688551931299e-05,0.00498058759795278,1.01032579481338,1.01035026028687,1.01032167647587,1.02354155601489,1.01157201072655
500,0,1,0,4,-0.2,4.26878743323201e-06,0.00440736988135116,4.71947879202822e-06,0.0043987098394407,5.0290923658437e-05,0.0137124734580433,8.84696915651871e-06,0.00413132376674814,7.15802727175528e-07,0.00532358709520656,0.99743393172177,0.997593021280248,0.997621961721281,1.01101339297216,0.998717243422777
500,0,1,0,4,0,1.78541700204188e-05,0.00455837719079498,1.7630640459651e-05,0.00456243430015021,3.8935851365029e-05,0.0149920955810449,1.86801173936502e-05,0.00437992733774699,3.12078446660072e-05,0.00556668286588362,1.00620607458856,1.00669776890773,1.00670733702518,1.02257687594303,1.00805019409311
500,0,1,0,4,0.2,2.11741466050097e-05,0.00377359615735778,2.18772102857084e-05,0.00381534341405732,4.77985361439048e-05,0.0142751664751714,1.91160916620114e-05,0.0034953095633018,1.73130734008414e-05,0.00499707023709724,1.00453386835846,1.00508157618103,1.00511031018566,1.02207433343994,1.00638361138241
500,0,1,0,4,0.4,6.91141237412002e-06,0.00453266308480563,6.94928369745364e-06,0.00452676214119571,3.14692715973137e-05,0.0140919939273299,5.95630442864436e-06,0.00429951893728293,3.59301053221724e-06,0.00605438251466769,1.00723488215744,1.00758496113674,1.00753249766169,1.02085401809851,1.00929795329908
500,0,1,0,4,0.6,3.63301746203711e-05,0.00411407401310821,3.56261574915808e-05,0.00415965789927042,0.000229853848350321,0.0147657907515154,2.77780733661552e-05,0.00384868532314154,2.81729728674601e-05,0.00536729425539156,1.00826611070892,1.00846578493184,1.0085853487624,1.02450271777504,1.01001180098413
500,0,1,0,4,0.8,1.40782286408059e-05,0.00365414805856508,1.46685750843331e-05,0.0036555691837561,4.10136780119022e-05,0.0134637877453624,1.31929103120793e-05,0.00348725182939668,3.48118360767792e-05,0.00490489006550171,1.00554982716653,1.0059359038636,1.00592604907734,1.01995624654784,1.00790885326354
500,0,1,0,4,1,6.2447917537298e-06,0.0041858632138295,6.88355166583451e-06,0.00424151678805272,2.04908556854353e-06,0.0162330565785808,7.5174898054189e-06,0.00398504497326606,1.26217073193588e-05,0.00538188195251292,1.00694277518538,1.00718074635877,1.00731306824777,1.02553918701661,1.00908048848946
500,0.1,1,0,4,-1,0.0106492915310951,0.0045120776322893,0.0101922197542809,0.00457043455921648,0.0040807284196246,0.0155627460164867,0.0139494312017454,0.0044871482501992,0.00556981482667516,0.00547846204173167,1.02936782653757,1.02656124020299,1.02611896284102,1.0372322649165,1.02346755400487
500,0.1,1,0,4,-0.8,0.00675449862847416,0.00513603646842391,0.00438187340967318,0.00519708486551605,0.000107653590413533,0.0135325533110725,0.0160611063712643,0.006255844280391,0.00350666294382349,0.00548372517986267,1.03059448793731,1.02016743572673,1.01789181108123,1.02821764725893,1.01752318027467
500,0.1,1,0,4,-0.6,0.00949152447286822,0.00543166867428129,0.00448026305320532,0.00534203887118861,0.000512040425229126,0.0153436742926453,0.0289567771849625,0.00785552900328699,0.00446648505914148,0.00552915213110373,1.04723590127387,1.02490284184218,1.01979013477565,1.02994860727675,1.01995368637279
500,0.1,1,0,4,-0.4,0.0125408437332153,0.00611066378759002,0.00435772017946894,0.00587923865740065,0.000284349932099653,0.0169941452563652,0.0496741036027378,0.00960176775067759,0.00576209907075501,0.00618397075645013,1.06105351660138,1.01984196021002,1.0113659402672,1.02289767375008,1.01373437019518
500,0.1,1,0,4,-0.2,0.0146581670155997,0.00553974234666848,0.00357887089218395,0.00534493381777464,0.000156755893103687,0.0131117070283736,0.0715294876191633,0.0103998412551626,0.00605335203030949,0.00558260679797096,1.08122255217223,1.01814510443166,1.00676609196898,1.01628591801254,1.00937440619987
500,0.1,1,0,4,0,0.0206912215451328,0.00590551896422346,0.00451731866567219,0.00556941010132877,0.00056139493807792,0.0148605152436994,0.108713263636096,0.0121869474042225,0.00884571868056077,0.0058040343663016,1.12239925943492,1.02705097970462,1.01043660859321,1.0186638787542,1.01480523300668
500,0.1,1,0,4,0.2,0.0236980374449119,0.00590122676664116,0.00404257560114509,0.00531692412142627,0.000284175307939032,0.0137519603992775,0.139523232851506,0.0133801340032003,0.00945692588438685,0.00554646867149683,1.15287507856155,1.02739151367233,1.00672552353014,1.0162249162081,1.01228823412436
500,0.1,1,0,4,0.4,0.0272103453068813,0.00617292804349057,0.00290190868848957,0.00526131303392879,7.67886541191053e-06,0.0125953135951901,0.192958360017409,0.0156232685114058,0.0104004455932634,0.00629999636346767,1.20532766388915,1.03076715257108,1.00627223083587,1.01434477950853,1.01480889910964
500,0.1,1,0,4,0.6,0.0333488016902865,0.00567675543828327,0.00386054214956625,0.00534082988065667,0.000277404654476474,0.0128852141504263,0.232089852448642,0.0137722447248085,0.0135529270726795,0.00617738298962295,1.25055895827912,1.03886737368064,1.00833296203313,1.01589289784809,1.01950963452252
500,0.1,1,0,4,0.8,0.035691750189848,0.00575082982022359,0.00292077330887032,0.00504150390263908,7.88834895272682e-05,0.0126406053932292,0.276206938222804,0.0170286654593429,0.0143691761175023,0.00610104997554125,1.309141515769,1.04872432625359,1.01297659349479,1.02173411066684,1.02690970865439
500,0.1,1,0,4,1,0.0424624013501452,0.00629277892537737,0.0030206413990607,0.00513433434708974,0.000126347626400203,0.0127003833729649,0.344751972390274,0.0194611180167841,0.017307581088809,0.00644352752920918,1.36333667231124,1.04862674478659,1.00914725045049,1.01830040709478,1.02442961184889
500,0.2,1,0,4,-1,0.0360768421968491,0.00477556497385801,0.0353189255774723,0.00486406073008276,0.0198397357828657,0.0181580992179379,0.0408865583240472,0.00434140020184732,0.0228914779784354,0.0057546895931638,1.05455538185777,1.05005775969487,1.0493881216297,1.05232944662213,1.03788087740022
500,0.2,1,0,4,-0.8,0.0289938132540941,0.00572392783925586,0.0229792518206185,0.00578787674194627,0.00321626745614848,0.0145842025757623,0.0518837490385729,0.00683429423190381,0.0162343863094068,0.00620745117183334,1.06484080818609,1.04009631192684,1.03405694113939,1.02683362511158,1.02816171087456
500,0.2,1,0,4,-0.6,0.03868385279562,0.00704414765872666,0.0234795948834178,0.0074957019944736,0.00209936307914093,0.0153137911550779,0.0938462740260553,0.00884269116035328,0.019961923357009,0.00707483648188315,1.10265541465134,1.04551416253996,1.03094832255717,1.02065547989047,1.02693947487894
500,0.2,1,0,4,-0.4,0.057439068670705,0.00835587289607306,0.0267000747639664,0.00861078768827867,0.0023727918169599,0.0151186374142969,0.168004748264459,0.0124305940141294,0.0291370116673393,0.00843448767016325,1.18791138667894,1.07103287283359,1.04002573398189,1.02625649494247,1.04276033985644
500,0.2,1,0,4,-0.2,0.0719417622599342,0.00844465175157874,0.0248835679773642,0.00841058473853729,0.0011992840313969,0.014154326161806,0.248414287594483,0.0135173730497064,0.0356914780098564,0.00887689124125558,1.27371925949355,1.08839938502218,1.03995854566747,1.02305677236195,1.05156709922778
500,0.2,1,0,4,0,0.0960899873875793,0.0100432040730441,0.0279842770120898,0.00939003017194854,0.000704000625150454,0.0150160781674863,0.346539110443902,0.0188199470732952,0.0506701328353916,0.0100604904662244,1.37395415108125,1.11065367917951,1.04108118302429,1.02206129843356,1.06547427939265
500,0.2,1,0,4,0.2,0.129904821681043,0.00997477098034871,0.03234588099408,0.00879873780311367,0.00127724726135213,0.0125669768234376,0.479607148674903,0.0183290907250205,0.0722539812812179,0.0107392834698934,1.50806065351616,1.14790993703473,1.04886175720035,1.02446862114212,1.09170409062536
500,0.2,1,0,4,0.4,0.159970778618867,0.011135646538305,0.0326203932057513,0.00928411272606733,0.00162369628689497,0.0137328651665435,0.609039024734229,0.0196777054631782,0.0924203328801187,0.0111767137136698,1.63378567609672,1.17685455142984,1.04948669810857,1.02569960057497,1.11094704113219
500,0.2,1,0,4,0.6,0.177369668965971,0.0104452856947589,0.0286970480965192,0.00766364153312292,0.000808334643193803,0.012860348751605,0.719646736137693,0.0210422669554409,0.111501038567011,0.0111201241542653,1.73699076246587,1.18406929392663,1.03353661481588,1.01384983419072,1.12019831338576
500,0.2,1,0,4,0.8,0.218381287268572,0.0113567659780142,0.0309798737469604,0.00837356034513219,0.00104105386327838,0.0133359519117316,0.882970009325021,0.0202924057998227,0.145747909356771,0.0128021239392446,1.89604753999181,1.22303267139611,1.03467310720098,1.0131433047782,1.15443056839783
500,0.2,1,0,4,1,0.254440261311415,0.0136350237608464,0.0304971657138399,0.00842563545188819,0.000409567748950236,0.0121567042191338,1.01135554017706,0.0257090843335128,0.183592536104439,0.0154710518254021,2.05064998238454,1.26989804909344,1.03676866744169,1.01234648687721,1.20200154466547
500,0.3,1,0,4,-1,0.0621310373194919,0.00424673890362596,0.061580461220605,0.00431140814809715,0.0411998379304647,0.016194380849503,0.0674526371595477,0.00390691554403216,0.0449382536610312,0.00522702689637137,1.0698183908256,1.06496228929802,1.06451289233935,1.06035599978625,1.0494924198859
500,0.3,1,0,4,-0.8,0.0661962272657339,0.0065997324799469,0.0567059253004222,0.0072220963753454,0.00976568810449572,0.0163629240045705,0.104249713742538,0.00707517433455968,0.0417152586166598,0.00725587098836868,1.11769576482153,1.07872530843979,1.06999332358437,1.03705009183128,1.0549277792423
500,0.3,1,0,4,-0.6,0.101052735026406,0.00795393144712016,0.0716972460495553,0.00855537060946303,0.00474573349971081,0.0181609050911092,0.199475024682835,0.00953075600098015,0.061301016754387,0.00858266411458982,1.20949693142227,1.10869124671723,1.08012833901634,1.02694964182685,1.07017619434756
500,0.3,1,0,4,-0.4,0.149308145313609,0.00908588250209153,0.089791656872418,0.0100616355030379,0.00459501171472917,0.0162880825625447,0.328455096298429,0.0114712109444253,0.0925648878417253,0.0100680551454446,1.34644837683675,1.16177641999524,1.10230114225086,1.02592167318647,1.10612743898419
500,0.3,1,0,4,-0.2,0.208127283695882,0.0116997752955165,0.10280239048024,0.012269138345521,0.00328237765396043,0.0151049197759882,0.491347623525294,0.0152484396895429,0.132169133004079,0.0121457462350684,1.5092376280915,1.21985702835551,1.11467170356506,1.0188584142282,1.14546246072967
500,0.3,1,0,4,0,0.293524013322295,0.0139927800681445,0.120788255136622,0.0136632043960975,0.00272648012925606,0.013720973774817,0.705365829991269,0.0189962675672232,0.19735114319413,0.0141529037558524,1.72616205641762,1.30652402870443,1.13374299727781,1.01845853633655,1.2115447255984
500,0.3,1,0,4,0.2,0.379073583513251,0.0173085382711068,0.136644224090534,0.0172124689039558,0.00353172081453955,0.0144030100183329,0.903920809877885,0.018823595844242,0.270286132759167,0.0193964950551518,1.9220852797452,1.3972826119905,1.15706310815476,1.02665032110649,1.29321046379516
500,0.3,1,0,4,0.4,0.4659687780646,0.0161619185801067,0.148240812795515,0.0152160711409128,0.00202833108134905,0.0138363841996848,1.08709576753442,0.0213499697953511,0.332897496333004,0.0170386375532141,2.10345871694048,1.47781480636366,1.16046551570263,1.0161748559055,1.34855599911895
500,0.3,1,0,4,0.6,0.58812091643826,0.0202332635849361,0.164517101004597,0.0158352529579313,0.00293015813555159,0.0142440313400634,1.31873868822645,0.0239576530649267,0.439619410582033,0.0212679352988584,2.36764320603825,1.62387035915228,1.19204704549772,1.02886957006229,1.47743206940771
500,0.3,1,0,4,0.8,0.691706721103901,0.0225978311932719,0.17330821946557,0.017263253355935,0.00295382717471807,0.0117178352982258,1.51619127021013,0.0228178439062089,0.533194536934903,0.0227098572236577,2.53802935745082,1.71371384660356,1.19215502205424,1.01990988906703,1.55739735074159
500,0.3,1,0,4,1,0.812750643690997,0.0256696890114391,0.166299232919539,0.0187786430757975,0.0020588297367636,0.0121485933852073,1.74737080903942,0.0239163702391385,0.629265091381117,0.0242979226492202,2.76998533240082,1.84121825737668,1.19105299077739,1.02123751957604,1.65887103633163
500,0.4,1,0,4,-1,0.0932357815516871,0.00458947975125983,0.0928904853496915,0.00464989287107936,0.079286358853167,0.0166471845170983,0.097701966237067,0.00429046470839069,0.0736304545517994,0.00545595643768206,1.1055524043421,1.10125893613197,1.1010229154678,1.10546232116268,1.08269938994275
500,0.4,1,0,4,-0.8,0.110691026343713,0.00753994454646046,0.102969020732597,0.00774746691574135,0.0235361216762082,0.0173265856029398,0.152388858741656,0.00803637842536643,0.0804933816702974,0.00847196785606795,1.17346767795362,1.13162509163832,1.12429684399135,1.0595685169328,1.10340626575441
500,0.4,1,0,4,-0.6,0.200299496480227,0.010457564551914,0.167444215265364,0.011151316893125,0.0150050391954086,0.0169831259194745,0.320385220359489,0.0118229385514823,0.14248032487896,0.0107387228122797,1.34227852994557,1.21902823058295,1.18660081609788,1.04171001023637,1.16206212191511
500,0.4,1,0,4,-0.4,0.305606339526781,0.0141163705752238,0.230799715975694,0.0158885608278797,0.0124033173603745,0.0189029997381751,0.519952444200775,0.0144857929265654,0.219135854880592,0.0149513357683263,1.53125066584651,1.31656408240698,1.24388972638874,1.03181309046618,1.23224428328376
500,0.4,1,0,4,-0.2,0.448507644798835,0.0167849156534175,0.309067024371305,0.0189749592912761,0.0102806801916391,0.0182977578323615,0.767509810224567,0.016782979934447,0.333689907204468,0.017827742402376,1.79853365442983,1.47723829230041,1.33989066829863,1.03893519072359,1.3648462334415
500,0.4,1,0,4,0,0.632257328812002,0.0169751041942634,0.406200547030014,0.0186038210030142,0.0105867110069739,0.0145047621955577,1.05571375716143,0.0171119221745069,0.477488025892896,0.0171061353167973,2.0840427173589,1.65648454649007,1.43009378337126,1.02883741944558,1.50259942186582
500,0.4,1,0,4,0.2,0.85651795905829,0.0220231128016636,0.520948675293268,0.0270369209094915,0.0118289628418882,0.0156004987230909,1.37415256501367,0.0206587355604267,0.66053827690864,0.0222508721112003,2.41670086386209,1.8962194648655,1.56266384271995,1.0359962557318,1.70170090100704
500,0.4,1,0,4,0.4,1.00662049771321,0.0250455542032871,0.565562098323261,0.0312389236147392,0.00840402673291669,0.0158182313413801,1.59428102966356,0.0227047765288504,0.774222439455331,0.0271331585120116,2.613718619016,2.02965762855145,1.5970831766286,1.02867792609591,1.80265287544282
500,0.4,1,0,4,0.6,1.25344213515951,0.0279951485983719,0.692037384046231,0.0330686964022657,0.00966584201939145,0.0155860899469814,1.89557165567426,0.02538268192705,0.983476840224862,0.0295831806260526,2.92699752809368,2.28733222633456,1.73256466014053,1.03235743199025,2.02082334333534
500,0.4,1,0,4,0.8,1.47416936458596,0.0280120023667967,0.787309835539071,0.0418632847395939,0.00919966372455638,0.0144944965834765,2.1448922862619,0.0255129750456639,1.16717839844191,0.0275602362968366,3.17369400631011,2.50591189617266,1.83246076899159,1.02805883958281,2.20031961034485
500,0.4,1,0,4,1,1.74604189295484,0.029025073596168,0.876114673603923,0.0451932658225548,0.00672668167854694,0.0143064667515134,2.46274254631995,0.025141870238606,1.38064136830185,0.0298514436161387,3.49021028029858,2.77887313308174,1.92707652783724,1.02637791429134,2.41639312202913
500,0.5,1,0,4,-1,0.122282643563555,0.00397861034721981,0.122179928701685,0.00399608351520074,0.109604991016898,0.0138147968545208,0.125474174387365,0.00383359679743463,0.105297950205032,0.00530402620558707,1.13390750770537,1.13089031314115,1.13079863610897,1.13489696369069,1.11508163298118
500,0.5,1,0,4,-0.8,0.164795759058954,0.00768330218239647,0.158143155239114,0.00804947384775844,0.0450009949597605,0.0217234105404345,0.208485925114387,0.00768699113541789,0.130042022568323,0.00892312435328316,1.2296181222489,1.18556663182386,1.17929576021908,1.08403131579863,1.15262009394926
500,0.5,1,0,4,-0.6,0.321782753760329,0.0114636032858042,0.295099201474052,0.0121456139864028,0.0442346100644289,0.0239500440915569,0.440169837962779,0.0118105799210668,0.251999441551342,0.0131113331580104,1.4619815496589,1.34240162228705,1.31657785351047,1.08103743549222,1.27515250336313
500,0.5,1,0,4,-0.4,0.555410630493911,0.0135569998483324,0.489569903480276,0.0151386603159021,0.0367175265584736,0.0237520317697922,0.768181409527803,0.0128750089223109,0.444067863003613,0.0146618076723563,1.79206854878967,1.57856233537609,1.51438418787072,1.07085354691324,1.46918531879808
500,0.5,1,0,4,-0.2,0.782768928384413,0.0190054767896968,0.666381824244936,0.0217905505161387,0.0316936459387496,0.0208031742174459,1.07663238850884,0.0174593797814063,0.62951918741635,0.0210232101618788,2.11128094215153,1.81717551798922,1.70377370237285,1.06409548682339,1.66672704625917
500,0.5,1,0,4,0,1.08219947318671,0.0194265518992567,0.909506673239158,0.0224518986362976,0.0375187472689049,0.0200321171036547,1.44030278085604,0.0180699085565562,0.870549024715065,0.0210304540773348,2.45511423042103,2.09943661439014,1.93080770106648,1.06540860643315,1.89380933079525
500,0.5,1,0,4,0.2,1.40614013311519,0.0228396386787244,1.16883956671448,0.0265551591305502,0.0447714138092189,0.0250204823783988,1.82520526302963,0.0217052145272355,1.14398203515038,0.0250082072913823,2.85839456327167,2.43808614903454,2.20376002570265,1.07711632838362,2.17919542455353
500,0.5,1,0,4,0.4,1.72082916034334,0.0225091045956444,1.43890827431111,0.0289017395284964,0.0405649742092293,0.0194991434208618,2.15482129097033,0.0198577045831908,1.41656127053192,0.0253425583515785,3.18948597881143,2.758746185252,2.4849248620126,1.07593346745384,2.46015505125783
500,0.5,1,0,4,0.6,2.02718626584205,0.0257834151395877,1.70244840011021,0.0333803495780537,0.0440888730071596,0.0237953912994024,2.48841779252884,0.0225826578832902,1.69408089965235,0.0272051924514284,3.51719152280233,3.05698158657383,2.73902781152857,1.0710548970303,2.72673462673994
500,0.5,1,0,4,0.8,2.35369079604258,0.0240395398127232,1.97811157316102,0.0324533196028753,0.0414911234091472,0.0201862688498113,2.83453953848462,0.0224039941462409,1.96394410082268,0.0289487183221714,3.86507130790956,3.38516458205053,3.01917802096757,1.06272096075973,3.00175055386419
500,0.5,1,0,4,1,2.64855485175188,0.0273211936755622,2.24962514339028,0.0366857459103946,0.0427319324753752,0.023304616863546,3.12274567469571,0.0268045988027708,2.22096363094796,0.0304204653198919,4.13270977185932,3.66141337924508,3.27460759324873,1.06128841701262,3.24234389881071
500,0.6,1,0,4,-1,0.146707371761135,0.00383494576955923,0.146605573414394,0.00381331327700233,0.139662347568238,0.0133865351094593,0.148348633437364,0.00372607942258955,0.133011193153393,0.00481932748772574,1.15217724866022,1.15078165577583,1.15068409434788,1.15951769870369,1.13848443196689
500,0.6,1,0,4,-0.8,0.234999628662429,0.00834619254749311,0.230719381043527,0.00857465466083879,0.0918383970894862,0.0232951782640386,0.273227862809564,0.00812419213394427,0.201467252970501,0.00974208935637919,1.2834999947146,1.24569222790699,1.24176691576762,1.12480987988441,1.21412469228012
500,0.6,1,0,4,-0.6,0.483837191088796,0.0121845132545584,0.465606934048363,0.012682334950632,0.105627616996604,0.0334841612857375,0.596601773367096,0.0112358733526413,0.409669770271343,0.0146825093057177,1.61027765332749,1.49894218465607,1.48142536720661,1.14791955486762,1.42890212722966
500,0.6,1,0,4,-0.4,0.81271317247526,0.0156347929606947,0.773179183357529,0.016855893482942,0.128265032992703,0.0338363644592306,0.983276209444054,0.0143926714834912,0.694133649668539,0.0182492613761927,2.00428639556526,1.83408479851193,1.79581252325468,1.16913557694403,1.7191531883861
500,0.6,1,0,4,-0.2,1.16311687709288,0.0165642361969643,1.10340223355977,0.0176441672990223,0.132548440715956,0.0441871794106466,1.38905220907639,0.0160510479943247,0.98562500307147,0.0200610841465953,2.4070484750667,2.18151874759051,2.12314747505931,1.18485014873642,2.00950941957204
500,0.6,1,0,4,0,1.579628701794,0.0199047709073815,1.49393094200307,0.0214995240324849,0.165052614607455,0.0458448467433005,1.83927299762966,0.0190360413370164,1.37247884620542,0.0238636870956732,2.85972224593531,2.60141005141316,2.51782505564943,1.22030413000119,2.40122291320029
500,0.6,1,0,4,0.2,1.91669958558398,0.022370563197377,1.80845153980467,0.0282132717536328,0.182974918661916,0.0552522025130124,2.21278075283884,0.0204911916718012,1.65143954749762,0.026438229934614,3.25058996807699,2.95522727383094,2.85340003503033,1.25063180198922,2.69404901492302
500,0.6,1,0,4,0.4,2.37226460028006,0.0238093495809961,2.268865575516,0.0265075664430649,0.220731439436419,0.0720439119986426,2.66673688314319,0.0216865511392364,2.09322529208846,0.0282710604101106,3.70066878497424,3.408048838661,3.3079764988955,1.30913081370616,3.13438064189115
500,0.6,1,0,4,0.6,2.71754345298484,0.0240062382775894,2.59189260426156,0.0289010021107015,0.230149698927425,0.071634601845263,3.01981865054163,0.0222526669579703,2.39882528966812,0.0298870158849834,4.07623544832403,3.77455628357655,3.65486890279288,1.32634334662104,3.46456753553476
500,0.6,1,0,4,0.8,3.07317834585721,0.0270934600629758,2.95669918708147,0.0350859089548725,0.291993939799596,0.0928203867371312,3.36871296925319,0.0242807981605759,2.73364400331487,0.0329209465734617,4.39683320173025,4.10337096475044,3.99511897393169,1.39400480061073,3.77309503535455
500,0.6,1,0,4,1,3.40916781148501,0.02865619925175,3.26793800369176,0.0403442327583381,0.335917231438163,0.104008030376062,3.71422543376403,0.0256217367763746,3.05814784446015,0.0336245990253346,4.73890102959109,4.43661673768136,4.30949532274766,1.44277276955247,4.09297991394963
