"n","p_n","p","contamination_level","ctam_sigma","ctam_mu","cook_cutoff","robust_m_est_bias","robust_m_est_variance","robust_m_est_mse","robust_mm_est_bias","robust_mm_est_variance","robust_mm_est_mse","robust_s_est_bias","robust_s_est_variance","robust_s_est_mse","ols_est_bias","ols_est_variance","ols_est_mse","ols_diag_est_bias","ols_diag_est_variance","ols_diag_est_mse","ols_mspe","robust_m_mspe","robust_mm_mspe","robust_s_mspe","ols_diag_mspe"
50,0.1,5,0,1,0,4,3.57014905247493e-05,0.026647050506524,0.0265761637950227,6.05157568541252e-05,0.0286617089559155,0.028607577876946,0.000379814195558354,0.0879132085479189,0.0879413699092856,1.92008236865238e-05,0.0247474278492649,0.0246676389615544,0.00015124186556749,0.0329952571393264,0.0330145179763366,1.17402470369594,1.18517521077865,1.20452351573686,1.56904632410076,1.22410334348079
50,0.1,5,0.1,1,0,4,0.00458222314028664,0.030274618092358,0.0347357427602752,0.0024982201440807,0.0311518968384208,0.0335255093951478,0.000407605847224547,0.0858286296977534,0.085892921026187,0.00947994538673105,0.035694623605145,0.0450317904974554,0.00170952502507095,0.031477989300474,0.0330616023683431,1.23945173877083,1.18696351505135,1.18217837925042,1.50278366488509,1.18230570628851
50,0.1,5,0.2,1,0,4,0.0161934053346072,0.038116372863599,0.0541573127067518,0.00965819969210821,0.0411264627141745,0.050620156555426,0.00282123442829079,0.105793197403188,0.108191259041866,0.0271118116056397,0.0428961363983031,0.0698363634583496,0.00748930017125381,0.0388662684465867,0.0462001035440542,1.37891163747761,1.29531818395657,1.27639554441093,1.64618376275383,1.25850450276644
50,0.1,5,0.3,1,0,4,0.0325119956962155,0.0427464252718459,0.0750874352669741,0.0241957889439255,0.0470492735217612,0.0710568653715996,0.00477490576796294,0.106567818772923,0.110916453265795,0.0494398278995382,0.0449851792212232,0.0942450664038765,0.0175451402800799,0.0484500941264525,0.0658014340300266,1.53294480835619,1.43342946833263,1.41803054329762,1.64263678326532,1.3841843555087
50,0.1,5,0.4,1,0,4,0.0661001111670047,0.052318151120893,0.118208989683414,0.0551242144633294,0.0576800019495322,0.112573496405064,0.0132969292372979,0.123907911917052,0.136709209506682,0.0873529395116845,0.0520776842109677,0.139222312985808,0.0409093877055237,0.0572523199869079,0.097932698412484,1.74513418647879,1.63974192996299,1.61754846171105,1.79606430549383,1.53424632322828
50,0.1,5,0.5,1,0,4,0.0947806113537152,0.0539311281059266,0.148496014947218,0.085333354473857,0.0601881552351091,0.145280757088026,0.0359532050494212,0.142231754068619,0.177616032101765,0.113424123306472,0.0520390309199443,0.165254998102736,0.0690212687511045,0.0614003679736451,0.130176035252855,1.90811490933563,1.81901740923915,1.80407805226283,2.0638895544858,1.73626925848642
50,0.3,15,0,1,0,4,0.000122749865485302,0.0333876250705669,0.0333768244357699,0.000123906015803801,0.0415746668397628,0.0415322741882076,0.000301190072715162,0.107228555249937,0.107100831101653,0.000146492174220008,0.0310450858877348,0.0310673977184039,0.000180974767650569,0.0434618950429382,0.043469022230417,1.49241523828511,1.53632508691044,1.65865726638236,2.74699098659416,1.69397346628475
50,0.3,15,0.1,1,0,4,0.00187310211101105,0.0471018177529919,0.048786512592991,0.000821774765767699,0.0533636088523362,0.0539719291826945,0.000735017108918685,0.133600862709887,0.133801476367966,0.00317102524605386,0.0563141700534861,0.059259938619326,0.00083437064017021,0.0495628264084172,0.0501989457429537,1.91158048944509,1.74678906669953,1.8289843206633,3.15320325474826,1.76519266765791
50,0.3,15,0.2,1,0,4,0.0102402115211885,0.0634534578571573,0.0734398555469172,0.00427517977833783,0.0715958658257245,0.0755846621407594,0.00296204878740212,0.147699281429816,0.150070533091499,0.0155564804361499,0.0722070070676432,0.0874746594755225,0.00385285228673104,0.0617744147672483,0.0653801693949103,2.36377519382515,2.14345169643749,2.1867265381941,3.31360854726263,2.04329523723717
50,0.3,15,0.3,1,0,4,0.0200860307912036,0.0791724198564766,0.0989417609682542,0.0126155509245952,0.092303291744502,0.104549629502119,0.0101484105970084,0.182783857883271,0.192201133048747,0.0271884806925835,0.0861738235908943,0.113017608989114,0.0100321944510943,0.0785731907574767,0.0882910924455411,2.82460400710295,2.60481192139646,2.6913096525451,4.12891128892765,2.42835182506893
50,0.3,15,0.4,1,0,4,0.0374475056748577,0.0911674808617445,0.128250316613155,0.024945104801407,0.110060984889778,0.134565845751626,0.0151453932138815,0.217751637861973,0.232026024524407,0.0468790229580213,0.0912764422719226,0.137790359460856,0.022260592821397,0.0961023872102804,0.117978570482836,3.14794929147474,2.99373706987085,3.10798873666508,4.68693781804467,2.85984107466294
50,0.3,15,0.5,1,0,4,0.0529814807283451,0.0952597696704314,0.147860211320095,0.0448625430577096,0.119039574297343,0.163425959057864,0.0265864963205307,0.257281689448664,0.282839059011399,0.0621507473396195,0.0939780007171079,0.155752836053859,0.0371237670462842,0.104369981242698,0.141076268364011,3.39873761871583,3.28010818351467,3.55122177672126,5.52811362189636,3.2092845299181
50,0.5,25,0,1,0,4,0.000302622628706209,0.0461601122727902,0.0462780944524053,1.16902456193401,346.932548311372,346.71384268006,0.770159529721311,226.908864381784,226.771388453979,0.000292912483098617,0.0406738210924628,0.0408040382911916,0.000350988406876002,0.0675231602074934,0.0676040559735395,2.03170392039783,2.17886496402576,11163.8129962573,5859.16510742857,2.74626755272654
50,0.5,25,0.1,1,0,4,0.00194748753493941,0.0873761555207323,0.0889741384335888,0.26142975593421,62.0994427283209,62.1124747133418,0.700996771545387,138.03585215473,138.184705517656,0.0035361372390881,0.100147255952703,0.10328280416798,0.00108049209770994,0.0951641061513795,0.0958639418244839,3.55379761096758,3.23662434893677,1557.80692180829,3485.66787447479,3.45504472429937
50,0.5,25,0.2,1,0,4,0.0077871704113004,0.126587688529689,0.133868508186871,807.61726490819,199578.313507489,199587.617518367,10019.1807730844,2507387.25512894,2507376.88688151,0.0108914150047339,0.135965769883992,0.14631332180919,0.00409114313105711,0.123150048372146,0.126748591309715,4.8107578242465,4.4830466833869,3873118.61380494,75226579.3977519,4.28952204188787
50,0.5,25,0.3,1,0,4,0.0152827670519292,0.163181684902654,0.177811725214972,4.46554282616743,1567.86868956282,1566.06275763074,5.71024218715217,1006.4731125507,1008.15746228765,0.0199227408575623,0.169458616356141,0.188703522748278,0.0076157503222893,0.171843683519174,0.178772059107387,5.78773668371182,5.52813850159645,47497.738407797,22120.0587672729,5.57729561684585
50,0.5,25,0.4,1,0,4,0.0356434218472871,0.203857348286153,0.238685340740295,3.0493179594324,622.307748000108,622.86783496754,4.00821753225542,1390.02060212218,1388.46873724595,0.0414768521241336,0.197480531250018,0.238167461249151,0.0199177085710828,0.21452859148819,0.23358818569332,7.17847459547636,7.24075124452817,15032.1993283509,42914.2504661778,7.13785501419184
50,0.5,25,0.5,1,0,4,0.0590161497398661,0.21892697744962,0.277067419279688,8.04500030462701,1935.80569602232,1936.10747354285,3.30428552190714,630.916044422443,631.69666576666,0.0650915408807538,0.206862710495167,0.27112680053394,0.0379058946130445,0.245013100085943,0.281938942298644,8.13772013595748,8.32275944676123,56064.6791025223,17214.5989166064,8.49004830128213
50,0.7,35,0,1,0,4,0.000314069275681236,0.0908999283618636,0.0908503979240974,0.880928180218091,355.08139233785,354.541994948717,1.05833521685201,265.802069536842,265.797196475547,0.000328361213293468,0.0768235941195022,0.0768446609563177,NA,NA,NA,3.76203405691965,4.28791315732352,13621.3446101111,7891.03805171981,NA
50,0.7,35,0.1,1,0,4,0.00311988530365301,0.22311165682511,0.225339095501462,48.2288653638917,11891.668523438,11892.3307147082,247.498423693844,60224.3088407909,60230.9100291215,0.00408353845168504,0.223818113287551,0.227006379286086,NA,NA,NA,9.00484857677822,8.89649811709548,580589.499343327,2225838.17538569,NA
50,0.7,35,0.2,1,0,4,0.0126125005744987,0.358935722871905,0.370112480554916,4.12567914956932,1162.97072712198,1162.44452336306,3.42240219389501,718.842340601175,719.389373432665,0.0137447568435911,0.330634997759126,0.343057214611681,NA,NA,NA,13.2153444770125,14.1937659523667,36990.8630306965,19422.2179368711,NA
50,0.7,35,0.3,1,0,4,0.0233019474129138,0.490655602372528,0.511994927375951,9.64873258990504,1837.70515077798,1840.00306276477,2.63596227183503,721.640417746687,721.389818347535,0.0253159005375546,0.433231812073705,0.456814785362964,NA,NA,NA,17.596984866942,19.5180289085846,84285.5547816904,25550.8304335349,NA
50,0.7,35,0.4,1,0,4,0.0425142306021123,0.594948623255336,0.635083059364427,3.77342028724273,990.628307940286,990.439214995767,8.22637305398499,3381.86681905697,3376.56572483473,0.0413749582407871,0.534975624558643,0.574210680301195,NA,NA,NA,21.894219787404,24.0896291882958,39870.6905229069,123637.2461517,NA
50,0.7,35,0.5,1,0,4,0.0736981274860826,0.669844888386214,0.740863636318752,2568.84394312337,584030.4798055,584263.201829402,273.942357322064,73418.4585510531,73398.727074171,0.0750525591070612,0.617413378537114,0.689996284130026,NA,NA,NA,26.0350041310322,28.049719843444,22160816.7797235,2649347.81849719,NA
50,0.9,45,0,1,0,4,0.00133993538355941,0.386431599000614,0.38622580798817,26.0330534184128,7432.76924912116,7429.07122554309,0.323348456062653,67.9284882120786,67.9801227152929,0.000892598905280784,0.329218030482237,0.328793757265588,NA,NA,NA,16.1767872332989,18.8882142437574,275350.605687046,3551.09305770516,NA
50,0.9,45,0.1,1,0,4,0.00663603995192149,1.39341765179413,1.39448002113887,2.22052562364725,521.854664181014,521.987771147937,866.87073629183,217195.100815538,217193.191148568,0.00496074020631018,1.09259476395722,1.0931851251077,NA,NA,NA,51.8304643361795,64.1804374819554,26491.4132094573,6776863.2665073,NA
50,0.9,45,0.2,1,0,4,0.0282358088869282,2.08410020586899,2.10399961393245,28479.5597686048,7127446.99211375,7127416.7639139,0.581257672826306,169.21468655535,169.119085481955,0.0265455480549713,1.81246703031848,1.83176271025218,NA,NA,NA,86.9631018358841,100.007884491541,341948512.649545,8071.29065907828,NA
50,0.9,45,0.3,1,0,4,0.03221673409511,3.13556032529553,3.15523481808946,15.3375281838958,3471.74492961744,3473.19547808287,14.0038364493762,3862.83110858875,3861.38362060377,0.0304891391448453,2.57985738772965,2.60002709732357,NA,NA,NA,118.636959491395,143.499875131011,173830.360023399,205914.739352798,NA
50,0.9,45,0.4,1,0,4,0.06224918749801,3.91194583315234,3.95854723731774,173.524994948629,44793.8795814613,44788.229058084,6.14635073616949,2757.01693992404,2752.13522290051,0.0616911993260846,3.22542516579838,3.27421466446127,NA,NA,NA,155.46688788331,188.744352259533,1796115.30458362,129440.193025476,NA
50,0.9,45,0.5,1,0,4,0.0747525940983589,3.402451382394,3.46359417096278,16.7969001377303,3557.29160219921,3559.85933592814,8.19751722521715,1586.53653116875,1588.3879022693,0.0733687119810535,2.79702904881083,2.85920964459664,NA,NA,NA,137.154397117403,168.799442738907,129305.661588558,85150.1728941621,NA
100,0.1,10,0,1,0,4,6.10402132916193e-05,0.0117325647576093,0.0117466747118705,8.63348084019001e-05,0.0149562112976231,0.0149827212608345,0.000102353572857698,0.0440721817519498,0.0439982465977997,5.56857392251252e-05,0.0110592649128497,0.0110707135924234,7.20094718228842e-05,0.0146364152309739,0.0146498790418729,1.13592241186807,1.14186066899537,1.1787505502082,1.50208132203057,1.17195768485373
100,0.1,10,0.1,1,0,4,0.00180091070495571,0.0158106983014964,0.0175483662132462,0.00089622679602146,0.017909567948972,0.0187341564731976,0.000425090983739801,0.0444946666618435,0.0447417789789359,0.00378583237277086,0.0179625459901077,0.0216765281789181,0.000696218845590953,0.0162893465694677,0.0169204080287808,1.23437092541517,1.19400861993723,1.20872714193827,1.48840318361524,1.18982740279832
100,0.1,10,0.2,1,0,4,0.00698562147893444,0.0184264128613195,0.0253383286888087,0.004184885617242,0.020938730876552,0.0250398615702878,0.00108967755349452,0.0466737034797885,0.0475766862193639,0.0125939191195097,0.021664649406323,0.0341719099282074,0.00300628006122038,0.0177078867265973,0.0206433352409113,1.36509492354722,1.27052491803278,1.26649900594931,1.53907690939714,1.22603559475046
100,0.1,10,0.3,1,0,4,0.0160395229353724,0.0218481783977102,0.0378003086194918,0.0114094702773898,0.0258014724122761,0.0371077368000168,0.00309592209391193,0.0552922536122184,0.0581670066916815,0.0239719359976711,0.0240027982213077,0.0478787230260936,0.00838694137652995,0.0223743277204487,0.0306717717860969,1.49666698139422,1.39767794595773,1.39592143012948,1.65412898087075,1.33090481020207
100,0.1,10,0.4,1,0,4,0.0324442952052043,0.021842381484426,0.0541993071636926,0.0272280414077166,0.0274465233077154,0.0545647786222011,0.0103830157969541,0.0643341412339431,0.0744598204659614,0.0405667501544702,0.0220505261469207,0.0625290741968033,0.0212124662435756,0.0239099387790557,0.045026765267515,1.67165562193624,1.58427190557595,1.58737112874663,1.81987732435852,1.49198075668954
100,0.1,10,0.5,1,0,4,0.0454706953063632,0.0228073097752716,0.0681867758425338,0.0413324860676655,0.027780074530009,0.0690014402995544,0.0199916987987015,0.0680570850168275,0.0877765554754617,0.0537744550611149,0.0221367512407184,0.0758226592968705,0.033385034326619,0.027186741118389,0.0604630284805344,1.78648179072168,1.70451735613823,1.71633097383374,1.93522913770252,1.62292532316932
100,0.3,30,0,1,0,4,5.77067778470218e-05,0.0157888696262282,0.0157834209255703,8.4681200376201e-05,0.0205442477464411,0.0205467519558315,0.000227078098144767,0.0514934920766084,0.0515145962064467,4.57927848188727e-05,0.0146593996753138,0.0146465548614314,9.48692067247146e-05,0.0199577866644964,0.0199728247245632,1.45609146029719,1.48861058258138,1.63188982448046,2.60368213058053,1.61679103926812
100,0.3,30,0.1,1,0,4,0.00136117087593094,0.0300961717014524,0.0313369578905775,0.000124295953561923,0.0255779035760151,0.025599887915273,0.000269779733615426,0.053117931665841,0.0531752396727931,0.00684017102471928,0.0680273107760369,0.074595372557652,0.000441524402917235,0.0261095920992578,0.026446678133778,3.28920616990106,1.94354249271453,1.77906822482526,2.59455008749439,1.8080677438012
100,0.3,30,0.2,1,0,4,0.00913915233737272,0.0588892385244325,0.0677928339077075,0.00109740343649058,0.0492531800274713,0.050153570743852,0.000565388335308499,0.0773952917662754,0.0776510989345188,0.0266046475827406,0.103977818985714,0.130166555292512,0.00319253325640154,0.0477404420977248,0.0507420135857355,4.92882116320462,3.0330127101748,2.55669070670109,3.43472127706533,2.54146079720275
100,0.3,30,0.3,1,0,4,0.0268092170511052,0.0902331727347346,0.116681457094901,0.00717625032094305,0.0891990786629744,0.0960185326692656,0.00327892104129111,0.122380930344444,0.125170327664357,0.0502203072472058,0.122100029547655,0.17183193667667,0.0133237058787487,0.0782421188127837,0.0912528562162813,6.2193895217933,4.57775073283416,3.94480931156972,4.9291417990677,3.83426669782576
100,0.3,30,0.4,1,0,4,0.054235052372354,0.120277860492618,0.174031801423001,0.0249564744829348,0.143311236720221,0.167694466256275,0.00979633147931938,0.186073388455181,0.19512542638068,0.0817944356261713,0.138062166081921,0.219304353043764,0.0294185939108682,0.113432973337029,0.142397835354549,7.64397482192468,6.27359291371852,6.09300310712579,7.05159137854893,5.31476547012666
100,0.3,30,0.5,1,0,4,0.093585959652749,0.142965931707018,0.235980027632939,0.0669173564508791,0.18771461578398,0.253881113771723,0.0375086953581139,0.299089698093146,0.335402034658887,0.116427014192643,0.145913460126361,0.261756820478499,0.0608477122530338,0.149431183499498,0.209681171018534,9.05551722829651,8.25502335206527,8.86319186990589,11.3302572853005,7.44878280007558
100,0.5,50,0,1,0,4,7.98193340381383e-05,0.0234786157595613,0.0234645206305612,2.7734101329963,724.712637234859,724.587196818916,5.97046991299222,1391.61273759244,1392.01675655506,7.13759321297842e-05,0.0210772029215637,0.0210642700420072,9.64444875191365e-05,0.0304333820631235,0.0304080930223901,2.05850614639729,2.19066490837738,37917.8540126602,64637.191925349,2.55264655187819
100,0.5,50,0.1,1,0,4,0.0017378021608906,0.0548300773008195,0.0563485591525068,5.17756539850096,1067.10660839426,1068.01574735919,30.8599130874918,9811.56524825488,9803.17890034935,0.00445306463063224,0.0895960482064356,0.0936907286442421,0.000976713460774873,0.050197737837908,0.0509736603473313,5.87827787565479,3.90353569291115,49164.7788319814,496466.559512995,3.60205637526533
100,0.5,50,0.2,1,0,4,0.00731876187635982,0.100404999806586,0.10732214168372,0.282270689105781,97.4538107506922,97.3462661967952,9.02060558874836,2814.00327026121,2811.76786276892,0.0130909497722104,0.13217772134757,0.14473996023439,0.00309951122859623,0.0811152209569769,0.0838902713017453,8.31829213156946,6.47292614595411,4799.51618191901,138600.099122442,5.30248407448882
100,0.5,50,0.3,1,0,4,0.0216761526377522,0.157656693377082,0.178702219241326,140.754765269105,34028.5006645662,34033.141427177,16.4115228332462,4701.59373734627,4699.19888523013,0.0306601212965028,0.177008970552192,0.206961055966486,0.0100527662152919,0.130565375285187,0.140095879999338,11.5933589424405,10.1438925148562,2080215.68685677,260018.334285242,8.20836712691883
100,0.5,50,0.4,1,0,4,0.0406061758750682,0.192164706230833,0.232002223280978,1741.65330008413,470616.938714518,470476.124259744,405.141752402232,100797.858813974,100799.809131121,0.0490721248340055,0.19802556872837,0.246305591287462,0.0230121431959894,0.184283416284273,0.206558425815126,13.4679451076518,12.7234968061291,26216939.7857558,6029257.04336529,11.3779900413972
100,0.5,50,0.5,1,0,4,0.0627097181080509,0.223944326572954,0.285758267374713,194.913522468359,51337.4440557396,51327.007801985,218.843912958741,56222.3060989195,56216.2607874826,0.0718287371589042,0.219536141904109,0.290486734495397,0.0421011051255983,0.227973346428506,0.26916255816839,15.6049486159525,15.4847967867415,2386689.60181633,3522884.5597657,14.6134794058329
100,0.7,70,0,1,0,4,0.000184032794139736,0.0408157212404715,0.0408364911496493,12.4430062763745,2769.53059024534,2770.89547416073,0.865120461041884,222.666562218781,222.641016430948,0.000167149060820273,0.0350774357358313,0.0351042750537083,NA,NA,NA,3.41446420179444,3.83830553936144,166777.924760392,15919.793996069,NA
100,0.7,70,0.1,1,0,4,0.00293442649671629,0.177950487583899,0.180173112130279,6.07596146417986,1668.55306042,1667.9548096425,1.32555447271205,371.415390271941,371.255283183565,0.0045512229109611,0.219364296724412,0.223038062448476,NA,NA,NA,16.8531085018838,13.8825061385177,131000.411932763,26139.5028718779,NA
100,0.7,70,0.2,1,0,4,0.0139501198466499,0.368510659471582,0.380986736680345,4.77712121338839,1038.97426039466,1039.59548456646,128.845861358202,32784.7827033084,32782.4894338534,0.0180349197312154,0.375465095943921,0.391998155291361,NA,NA,NA,29.3554632146464,28.5671964498301,70796.417231613,2394073.39084842,NA
100,0.7,70,0.3,1,0,4,0.0294924277763387,0.522075870957162,0.549479995249672,15.4929289111921,3276.16949089919,3278.55774184678,217.274329674818,56008.9278526348,56002.1664708991,0.0334995885855374,0.496847134229855,0.528359334278473,NA,NA,NA,38.6284186411689,40.2282501943063,233853.532797747,3673060.90664162,NA
100,0.7,70,0.4,1,0,4,0.0598121005518714,0.665959929636152,0.723108190469478,1.77579931560285,400.69855271773,400.871557822462,52.2276048096024,12747.2356489434,12748.4743111572,0.0632592415782783,0.594334999305562,0.655216900886618,NA,NA,NA,47.2161970253944,51.946464169392,29606.8788328703,725618.985495758,NA
100,0.7,70,0.5,1,0,4,0.0938456041832895,0.758846396230155,0.849656614828524,95.5881854000022,25029.7986600695,25025.2676508292,33.0226157660782,8265.52072986921,8265.48126271582,0.0972398448527142,0.678754383739201,0.773279211056959,NA,NA,NA,55.2923218199828,61.4397946436349,1775018.13444407,643632.199794654,NA
100,0.9,90,0,1,0,4,0.000744972762614633,0.155942496637676,0.15606369941374,504.481027168793,130981.105575253,130961.662180121,1.57839315986943,457.917340319245,457.664064117837,0.000606767229381322,0.129664519577664,0.129752628728734,NA,NA,NA,12.7101771935228,15.0577676536057,11987399.1301256,43337.3186515239,NA
100,0.9,90,0.1,1,0,4,0.00429957028352766,0.693002223727832,0.694529785116449,352.588353477036,89598.726163548,89592.9196123709,5.35650766530611,1064.46761789893,1065.56625509264,0.00383550720277766,0.556599510142183,0.558208619304392,NA,NA,NA,51.4686339629303,64.1751595540712,9008242.36891972,114818.213690721,NA
100,0.9,90,0.2,1,0,4,0.0170185031333534,1.29826885297584,1.31009428069729,76.0848507749413,17958.1136317363,17962.3660279843,69.2857728854517,18768.2547925378,18762.4675462531,0.0152706082764141,0.993937128868987,1.00523198862993,NA,NA,NA,92.4654295308575,120.84037749838,1892130.52961951,1373946.19332898,NA
100,0.9,90,0.3,1,0,4,0.0275364802349646,1.90449724637919,1.92441573762864,11.6072025871712,2560.55517673793,2561.92015861815,7.78388391815906,1932.70722707088,1932.76028208075,0.0252847837491567,1.45851775651324,1.47796846923634,NA,NA,NA,135.87025786818,177.098132192423,264682.332010935,176516.354915918,NA
100,0.9,90,0.4,1,0,4,0.0515120468079039,2.03100150626611,2.07438954704895,46.0698193597719,12467.7618950567,12463.9606668363,48.409091571178,11361.8284869947,11364.7902646179,0.0462545237941098,1.63977448842738,1.67946991426778,NA,NA,NA,156.780515755689,193.743659118139,1144694.2920727,1115976.04993893,NA
100,0.9,90,0.5,1,0,4,0.0678290008673128,2.23203288270767,2.29093375204415,180.365300478331,39182.4676964434,39206.1031261359,8.25582779735135,2459.06369386327,2457.48326688516,0.0631822417209929,1.73745039266914,1.79368283281945,NA,NA,NA,161.143593501811,206.344705561931,3609222.04856022,221119.939123599,NA
200,0.1,20,0,1,0,4,2.01703646110879e-05,0.0058898784130892,0.00588648926404794,4.08726438048686e-05,0.0087269305699273,0.00873289549145246,7.07431787679023e-05,0.0227245702601631,0.0227044151578904,2.11207133513362e-05,0.0055201789059622,0.00551921890368969,2.15100148356728e-05,0.00716154851081656,0.00715441233160897,1.11324441805826,1.12006085671568,1.17938985200951,1.45863298021197,1.14797252578323
200,0.1,20,0.1,1,0,4,0.00119335324011363,0.0090974362922996,0.010254399787244,0.000138022962997509,0.0104597713102883,0.0105559551880446,0.000108850237087868,0.0238775594122476,0.0238908994116865,0.00714423083584852,0.0195012853887287,0.0265675110830223,0.000248842844299828,0.00802445112246932,0.00824119616227927,1.54837335468949,1.21330729411857,1.22138715772194,1.50652987485609,1.17275190399449
200,0.1,20,0.2,1,0,4,0.0065902727486436,0.0141649673472199,0.0206985802264747,0.00113856719351277,0.0142954236073694,0.0153768091064527,0.000195272175169508,0.0233682798640356,0.023470078919749,0.0242125614827677,0.0275540006930797,0.0516563461730751,0.00251097225103368,0.0132121001422653,0.01567022399273,2.05017953659884,1.4241489753236,1.32017461130767,1.49921483489607,1.32955329092693
200,0.1,20,0.3,1,0,4,0.0207472063422686,0.0211723816074423,0.0418348984232811,0.00530704427441143,0.0208178335880121,0.0260416065280715,0.000467950859669994,0.0264651264705487,0.0268272168243365,0.0481606920298546,0.0309582812911905,0.0789951401958804,0.0116248159246952,0.0215297844011707,0.0330684811882612,2.59681216799025,1.84470940458335,1.5297278521285,1.5524648114665,1.6715980208737
200,0.1,20,0.4,1,0,4,0.0461245489592369,0.0275382835424026,0.0735526793674699,0.020080978797561,0.0317152699778091,0.0516693876954588,0.00180184350320746,0.0342604728877326,0.0359252744993891,0.0755026690793595,0.032467883907685,0.107840681451414,0.0313730883361062,0.0291622837054207,0.0604187229067053,3.25613470414781,2.5361563625746,2.07012159084828,1.72549440489695,2.25938446340237
200,0.1,20,0.5,1,0,4,0.0791564760685119,0.0313073728907652,0.110338619467714,0.0503702218595907,0.0417351887295525,0.091938469834225,0.00716790122170232,0.0486644045162744,0.0556376481199116,0.10477287415794,0.0328877585705588,0.137529081694216,0.0588145172486824,0.0353705372431404,0.0940435723428503,3.75499369341462,3.21406812258469,2.85741601725252,2.13161058026129,2.89656796806853
200,0.3,60,0,1,0,4,4.01132795220422e-05,0.0078350927700738,0.00784386567851555,7.21040310791767e-05,0.0135094185155389,0.0135274848725559,0.000100458415319526,0.0249292750802247,0.0249300163952234,3.50919137097535e-05,0.00719498906070154,0.00720130101816849,4.86719517257967e-05,0.00999419266260602,0.0100028878436814,1.42962860608697,1.46682549533338,1.81697065835062,2.51584086961098,1.59554448099086
200,0.3,60,0.1,1,0,4,0.000783936802751377,0.016188890150173,0.0169080713923237,5.42814037224977e-05,0.0158896899826373,0.0158804126264292,0.000113554831912876,0.0284796388070626,0.0284792750837472,0.00659764179665254,0.055620974716335,0.0619961326141222,0.000236614104532957,0.0137268820815468,0.0139085886577535,4.79933685504606,2.02170813473085,1.94697021537244,2.7222984676086,1.83703989304493
200,0.3,60,0.2,1,0,4,0.00567036236990229,0.0382205084899346,0.0437379888258772,0.000196984021110526,0.0247004815911038,0.0247986636858499,0.000225633735146624,0.0335439473925922,0.0336354053381685,0.0230500261412341,0.0908314958343237,0.11351819599222,0.0025252397964083,0.0335706929603723,0.0359616499849391,7.82464593273466,3.63144449394134,2.49810055417885,3.0228855613043,3.17051024281074
200,0.3,60,0.3,1,0,4,0.0215914397936297,0.0739782249951438,0.095273751888793,0.00238684150429288,0.0550269443009211,0.0571936780280103,0.00100013959384603,0.0587968094832793,0.0595617618391922,0.0471913664796707,0.112909163331989,0.159648893158332,0.0103580877585397,0.0633592169062047,0.0734638677971196,10.6714271638579,6.77341208702441,4.48958896407693,4.6016009514165,5.4621831451617
200,0.3,60,0.4,1,0,4,0.0525529073688907,0.10485934521632,0.156992815204346,0.0177437331261911,0.12412363196924,0.141370870567554,0.00843213394180981,0.135252050345139,0.143143176085568,0.0796937861375258,0.125400026425484,0.204592212457308,0.0290759608746615,0.0982657652145369,0.12694866302834,13.3296284584089,10.4264276982361,9.59568250339157,9.58343524909269,8.65621116280497
200,0.3,60,0.5,1,0,4,0.0853773558306327,0.127192703002738,0.212061288021359,0.0510393134127208,0.185552891107463,0.235849992955754,0.0308303044829298,0.249742550643368,0.279573884923724,0.110393136168198,0.133003564665687,0.242864686575222,0.0552592763753757,0.129790314479412,0.18453042959687,15.6676788524062,13.8423506331926,15.3808806033086,17.944214816383,12.1377088629521
200,0.5,100,0,1,0,4,4.02264742682135e-05,0.0112182974725485,0.0112136507569265,3.18842703039192,909.769862201087,909.319209782675,4.63203222013094,1117.33368530408,1117.49638278299,3.5193875966481e-05,0.0101629991140693,0.0101575409935795,5.04229245562126e-05,0.014064681177148,0.0140588453769956,2.00967753935763,2.11901278479851,86317.6122851176,115469.631267455,2.39787474959826
200,0.5,100,0.1,1,0,4,0.000982676099392925,0.0334539909958666,0.034302851131276,1543.0604819433,387556.053986609,387548.890252606,13.1939366987311,3654.11798453826,3652.69544929884,0.00445713923092979,0.0845283102490779,0.0886473362390113,0.000544225221302681,0.029166545603246,0.0295941046421357,9.8898533814543,4.4584435034061,37017721.7774031,367490.347424687,4.00297068711106
200,0.5,100,0.2,1,0,4,0.00731834419198925,0.0927691668387066,0.099716434363341,2.11932485804462,554.397429147277,554.299164288733,8.68294275213798,1972.35851334466,1973.15202204342,0.0152912392776673,0.143129246137022,0.157847968430142,0.00300819067371022,0.0672054867794868,0.0699448555060791,16.8348318173773,10.990660850683,56285.8265767721,205912.608283811,8.07690595591135
200,0.5,100,0.3,1,0,4,0.0221093992711215,0.158932524842648,0.180406194014398,163.431356510609,39081.2961195034,39088.402291536,11.3173601078531,3463.24750926548,3460.71187933628,0.0335351120968575,0.189233872014144,0.222012048622945,0.0104427036992524,0.125559057381416,0.135499524851143,23.5539659005253,19.3182790575847,3158765.25218264,343153.714757866,14.6975173343889
200,0.5,100,0.4,1,0,4,0.0445457000338623,0.206560794320838,0.250280251177417,45.2512896957168,12285.6122707801,12281.7211113927,73.116107498874,18218.1497693579,18218.3932777794,0.0556276503096369,0.219755595032418,0.274504222961926,0.0246222024286623,0.181496052358746,0.205392270577974,28.8373166084831,26.4558004747963,1409880.62670469,1985060.22117631,21.7505732683142
200,0.5,100,0.5,1,0,4,0.0727252806628944,0.23789527824783,0.309668977797733,101.796714550338,22317.8196449167,22330.3450808874,4.49805487635557,1067.44790013499,1067.6761634108,0.0835823727084722,0.235040543444977,0.317682753979669,0.0459714126348409,0.22865755238348,0.273714334808787,33.1253889704513,32.1053254327848,2348348.15714304,107937.083569856,28.2898125067208
200,0.7,140,0,1,0,4,7.35541101841542e-05,0.0198109405729919,0.0198052509208841,1.02870388713569,216.429396864216,216.592383163895,0.437009548059179,107.792361766743,107.798201867735,5.61552818250897e-05,0.0168022055082227,0.0167911519680149,NA,NA,NA,3.37778175674693,3.78555085372382,28948.5257701861,16949.3413737486,NA
200,0.7,140,0.1,1,0,4,0.00216069605801486,0.126189630183743,0.127845567721023,21.7247582656001,5388.24537701666,5388.4171537742,8.97189387621726,2085.90944622411,2086.53770231543,0.00405938625513935,0.172485195807187,0.175854641279097,NA,NA,NA,26.0848518141752,19.1397941678419,716183.266613039,275702.740692115,NA
200,0.7,140,0.2,1,0,4,0.0112640476528732,0.290803521134355,0.300904354702691,267.874276294645,67365.1098072047,67363.5236442705,197.882247493635,44972.507964156,44990.500179793,0.0142754163140509,0.304690290160363,0.317746945313773,NA,NA,NA,45.5392112717234,43.3888970497234,9121441.27086421,6368078.48951215,NA
200,0.7,140,0.3,1,0,4,0.0285070215732005,0.438963195584259,0.465714364375123,49.1177141684907,12409.4769683371,12408.9567746323,38.4081630332969,8053.86572534182,8060.05842547375,0.031862508549518,0.419563818930759,0.449748072204554,NA,NA,NA,63.7722177792116,65.630643677417,1571055.80346961,1199530.37635889,NA
200,0.7,140,0.4,1,0,4,0.0525064875681509,0.571195602204884,0.621417307364216,23.7670989751278,5449.59281455354,5451.56154227045,22.1344002675596,6227.01353668773,6224.23988280854,0.0561695595568261,0.512917914877976,0.56703580277529,NA,NA,NA,80.0338266731625,88.1267666297739,743813.169652576,938629.061982646,NA
200,0.7,140,0.5,1,0,4,0.0831781681624386,0.651341725204003,0.731914526465626,45.8983643141493,13592.3826282116,13583.9114620129,3888.18530182208,964070.024073526,964101.929279054,0.0863821160307398,0.568832424861659,0.652939211192952,NA,NA,NA,92.9701699273409,104.117374187051,1892994.43122277,134447136.375555,NA
200,0.9,180,0,1,0,4,0.000302397154239845,0.0700944797020555,0.0701164989374872,16.3952506761087,4346.76470987992,4345.77290171651,1.73404224606271,429.37449563704,429.391039900555,0.000239472555238643,0.0553171715914619,0.0553353754603347,NA,NA,NA,11.0402424561701,13.7051756806086,803632.607732503,80954.9313981393,NA
200,0.9,180,0.1,1,0,4,0.0070590970074802,0.792251073087936,0.796141165803065,2.20975468413077,576.925917681556,576.82796869496,1.50587940338584,436.332026461932,436.09257775947,0.00624474874242399,0.645243388531764,0.648907163720061,NA,NA,NA,119.208365392075,144.824978488123,108282.25441851,77410.6948908875,NA
200,0.9,180,0.2,1,0,4,0.0173930774677977,1.40506281095824,1.4168356371822,337.211678066232,81548.9966666352,81560.0123580349,50.0544223857417,11912.9249706619,11915.327693165,0.0164040397615866,1.13739168603185,1.1492461590493,NA,NA,NA,208.023001514203,257.496698735021,14562721.5739501,2192758.51200957,NA
200,0.9,180,0.3,1,0,4,0.0373451708533671,2.08423572605704,2.11324395400618,132.898420560239,35228.7937987646,35220.7770441298,2.59834364192794,635.73177776552,635.787194296385,0.0337526834891568,1.61242495922485,1.63972794287711,NA,NA,NA,294.277467446905,378.25826314296,6249028.40978141,116349.965844847,NA
200,0.9,180,0.4,1,0,4,0.0602344724902095,2.52124106311242,2.57139057135018,108.860747639661,28306.6487262715,28302.2828790061,99.8718893796596,23986.0818382938,23990.0094003203,0.0570153322461857,2.0093488564378,2.05832679325823,NA,NA,NA,373.954183431384,464.526341044986,5322806.9212456,4302127.41031032,NA
200,0.9,180,0.5,1,0,4,0.0922913346819597,2.90180107661821,2.9824852069937,82.3074985898547,18597.4749860791,18605.3925847246,97.1047469460235,23314.4774214348,23318.3242586951,0.0829738044159769,2.23829811378056,2.31231872574141,NA,NA,NA,418.188751331712,542.135175700099,3375209.20206334,4218747.33353933,NA
400,0.1,40,0,1,0,4,9.00490735867476e-06,0.00293625209979458,0.00293351199875408,2.29537720642374e-05,0.00771576400236307,0.00770785471841785,3.25060210024983e-05,0.0118688902873739,0.0118539207472269,7.77369409206694e-06,0.00277792398234257,0.00277458598050527,1.40751647937548e-05,0.0035473860304675,0.00354727165113939,1.10990081390875,1.11653711215876,1.3134518760313,1.48552107751062,1.14219510709127
400,0.1,40,0.1,1,0,4,0.000690976105649428,0.00518876121313413,0.00585898227393103,5.08241394003039e-05,0.00744915057462553,0.00747017811172733,5.00857813234303e-05,0.011804478359779,0.0118073462276633,0.00914697316442534,0.0208192116348177,0.0298829079527038,0.000159999127610791,0.00476890195481273,0.00490982547460427,2.20095519809894,1.23200600867566,1.29737715631423,1.47353203818994,1.19377890479858
400,0.1,40,0.2,1,0,4,0.00444309705437435,0.00966112771721035,0.0140655802607158,0.000128728292836328,0.00746971177858573,0.00756856122430772,5.11932509622438e-05,0.0113887243203487,0.0113943626740295,0.0319636894146528,0.0313603112296569,0.0631985593993911,0.0024164848724855,0.0115743130976485,0.0139445007177434,3.56922968738417,1.57412415107982,1.31229602980367,1.47347953017961,1.56774128387794
400,0.1,40,0.3,1,0,4,0.017647806369057,0.0184454367281318,0.0360194613502762,0.00116621107986598,0.0118015128320336,0.0129205178605714,7.38682516208358e-05,0.0111743844072326,0.0112035551212245,0.0619135187466035,0.0366975871998704,0.0984643155976744,0.0128872629906395,0.0225047795321527,0.0353020234046636,4.95469395967865,2.45041067319376,1.52723567497515,1.45864854593929,2.42815962439998
400,0.1,40,0.4,1,0,4,0.0525916266444748,0.0307702593664619,0.0832388049734709,0.00800278571366043,0.0248289893794873,0.0327324591356298,0.000161450023014087,0.0122303272557673,0.0123428559697583,0.100707710516074,0.0405539311871242,0.141099425978449,0.0384145066911445,0.0341663650471921,0.0724442062781479,6.69676324516498,4.3669834009116,2.32610317558066,1.50345294005693,3.94036793649605
400,0.1,40,0.5,1,0,4,0.0997151782394938,0.03777463476757,0.137338714467994,0.0361126061451412,0.0460201530181205,0.0819486785511892,0.000938506650105461,0.0212371118838274,0.0220906700863975,0.140768578062859,0.041131495530771,0.181735547611507,0.0774444416845972,0.0430879971262889,0.120360086822381,8.33650738318041,6.53996124241235,4.30031989179497,1.88722946545993,5.85096798740436
400,0.3,120,0,1,0,4,1.53551480621547e-05,0.00393607586205689,0.00393568670667082,4.43105109289018e-05,0.0104030474354404,0.0104057457566275,5.15653001390973e-05,0.0126007710397956,0.0126019332557755,1.57396255282821e-05,0.00365569348507462,0.0036568103366626,1.73888915113189e-05,0.00493019487885028,0.0049278629908462,1.44323689671167,1.47752612847787,2.25779380386493,2.52217356427121,1.59577415695887
400,0.3,120,0.1,1,0,4,0.000421512922351331,0.00853100117048502,0.00891839008815441,5.03750057125447e-05,0.0105640877266339,0.0105722063814399,6.98892084690667e-05,0.0140153705597922,0.0140291982860221,0.00533944101134676,0.0440568433672558,0.0492200570051336,0.000171313790285652,0.00804755859763611,0.00818668215353122,6.95494505989004,2.06485204267616,2.26765852949363,2.68295264934554,1.97689593736055
400,0.3,120,0.2,1,0,4,0.00369661626636594,0.0244457672557549,0.0280446004530979,6.9779916437955e-05,0.0131589283272025,0.0131760725303316,7.27999526647785e-05,0.0159068472186162,0.0159160197824065,0.0189819200419411,0.072394078782318,0.0910864225091298,0.00181252844817397,0.0236544557678545,0.025372366392957,11.9356106333808,4.35836240039312,2.60626272159066,2.92814505950522,4.05347463556629
400,0.3,120,0.3,1,0,4,0.0168945411988896,0.0543998132953456,0.0710767552410538,0.000673790028589897,0.0292719184100118,0.0298286207649617,0.000242243631853026,0.02533093625132,0.0254718561381678,0.0398806336764968,0.0901397551523474,0.129659829808235,0.00813533455483479,0.0480148060821154,0.0559580814126217,16.6222933237468,9.56173129511562,4.61638240403157,4.09263691733528,7.7421340127792
400,0.3,120,0.4,1,0,4,0.0414909064969611,0.0820808210907382,0.123243404303336,0.00841387247986204,0.0890929742378917,0.0971504748208022,0.00467422463606017,0.0918843290615869,0.0961910163814007,0.066032682430964,0.100823352187207,0.166452741209422,0.0226691152110193,0.0763668194430595,0.0987304673763065,21.2505209549417,15.996936534022,12.8054233792728,12.696697648544,12.9555331269144
400,0.3,120,0.5,1,0,4,0.0719798335171939,0.100385203797745,0.171963496499748,0.0357807901150771,0.165226587952635,0.200346471715902,0.0241950141014373,0.194044314958075,0.21746315179968,0.0920569972993141,0.108282322512207,0.199906190521472,0.0460392146780797,0.10032827005542,0.145966171653278,24.9985960109328,21.6551170550542,25.1798235088953,27.3573101671786,18.5740067910691
400,0.5,200,0,1,0,4,2.25781290507805e-05,0.00549916660487447,0.00549974806750575,2.45809204039021,605.702046280059,605.737330135329,1.65390709174374,375.427678885054,375.579875261258,1.97638483905437e-05,0.00493300586133649,0.00493303768628169,3.17427133634768e-05,0.0069851729195556,0.00698897494124085,1.99159233239672,2.10733199492479,123407.588583623,71377.9124164957,2.40978122440787
400,0.5,200,0.1,1,0,4,0.000643867969566663,0.0205811469733134,0.0211426903549869,2.95675738169734,692.338795933855,692.526198131817,24.1532940181024,6354.70111168088,6353.43560125226,0.00419657488852226,0.0720370008841895,0.075945427769175,0.000363162384554215,0.0186834828642478,0.018971911317345,16.414037745063,5.24180979142077,136620.113120086,1179160.24631446,4.81554391868171
400,0.5,200,0.2,1,0,4,0.0061979425847208,0.0736456703137692,0.0795490302172349,2.79751786797071,603.006875318198,603.392365684896,9.32096060489004,2303.34540729292,2303.45298626863,0.014424586469889,0.124308772747686,0.138236124126584,0.00253514308782428,0.0520513595686824,0.054378297218232,28.9635160688106,17.0371869590003,120125.2039555,494017.456230154,11.8552122827227
400,0.5,200,0.3,1,0,4,0.0192471575039466,0.133361101663275,0.152074814760569,40.7071528827154,9638.17317730124,9640.32763747475,40.4787358607188,10713.1127413189,10710.7390262143,0.0298212182924542,0.162552280321632,0.191723289492799,0.0092061777969221,0.10191140818998,0.110709940354142,39.4511361977949,31.3689342047796,1959106.93838356,2307724.91135817,23.0836435151098
400,0.5,200,0.4,1,0,4,0.03843205052938,0.177628363207668,0.215349900284217,29.9715198701374,8088.60682887082,8086.22392142547,461.195538948566,108158.413558121,108186.975442837,0.0503100753625309,0.190871928303252,0.24041851595257,0.0211508825597815,0.152773481842382,0.173313270474794,49.3838255709776,44.42607977396,1631762.26995388,21893887.8714392,35.8725831554795
400,0.5,200,0.5,1,0,4,0.0639746115007621,0.210500383660755,0.273632993626874,149.400445655265,34117.9309084216,34130.8596304432,23.2953766013161,6571.78933382516,6568.79755309118,0.0743652904074141,0.20996855955076,0.283493975719971,0.040991153080883,0.203634946129045,0.243811559425412,58.5670038590902,56.5918570445197,6222399.96711514,1303368.83456498,50.2012733194252
400,0.7,280,0,1,0,4,3.64385886826867e-05,0.00998940731397369,0.00998588827340048,0.796705883937138,192.7285318408,192.754323597374,8.68903382610097,2260.8905664507,2260.536038011,3.29570026301119e-05,0.00842102519265108,0.00842029809451059,NA,NA,NA,3.371678398897,3.81416500674767,52222.1543276798,618550.351799895,NA
400,0.7,280,0.1,1,0,4,0.00219810224935172,0.112501800942914,0.114249895988494,36.9155298545922,8436.53630182447,8439.70568647177,8.05104129975826,1963.12118586985,1963.31974242613,0.0046462389398389,0.173093894698488,0.177047758059533,NA,NA,NA,50.4967239860796,32.9528464518385,2220846.71180966,545814.702314266,NA
400,0.7,280,0.2,1,0,4,0.0120016410312472,0.291281250078997,0.302117766109928,26.0278152691596,5572.17637696543,5575.91548672672,7.01725260867553,2063.13524214689,2061.89995378698,0.0157734153781868,0.315193482416278,0.3297061238648,NA,NA,NA,94.1633365441641,86.1990153385938,1563031.7229928,573688.621443402,NA
400,0.7,280,0.3,1,0,4,0.0293286692345097,0.448275239633442,0.475810807909417,14.7503735683291,3710.13364229625,3710.0434812954,22.6486553522154,5279.34475421597,5280.87603055132,0.0346061410624433,0.428655258562104,0.461546778590298,NA,NA,NA,131.563457905185,135.141236688681,1073342.43230194,1534987.45858412,NA
400,0.7,280,0.4,1,0,4,0.05294575134906,0.572500910352226,0.623156658059877,1938.4231470309,480734.171955581,480749.658414789,311.539376688215,80393.7227735281,80383.6872591222,0.0571531289529703,0.521444975561624,0.576512324612347,NA,NA,NA,163.863121738794,176.319316249041,115402266.152701,22599264.7241118,NA
400,0.7,280,0.5,1,0,4,0.0818188826597103,0.66145232360505,0.74062539697034,118.353216300942,27706.3888446906,27713.9165056127,50.7371653127734,12974.4603580317,12973.2996819123,0.085004971690051,0.577906120756364,0.660599467963389,NA,NA,NA,186.392029111952,209.424685936704,7716373.30483344,3635494.98187524,NA
400,0.9,360,0,1,0,4,0.000116569051667813,0.0325196897551408,0.0325061800477881,59.7074046003205,14706.8500264356,14707.7300309302,0.719070702663709,189.611427346254,189.572052339532,9.65824353544343e-05,0.0261178003428445,0.0261099115768275,NA,NA,NA,10.3992593489026,12.676857762521,5992523.03970375,68971.9694217329,NA
400,0.9,360,0.1,1,0,4,0.00480463543563003,0.563213569813118,0.565765350969496,75.2069620355211,18987.3319438361,18986.5895780963,3.4436871581342,975.332140967133,974.874499561399,0.00443726539633797,0.464534975062184,0.467114100558273,NA,NA,NA,169.534708350921,205.118152353214,7408076.57920211,358738.907627679,NA
400,0.9,360,0.2,1,0,4,0.0145259269963104,1.11078662971759,1.12086941019503,18.3826475340433,4541.69547477897,4541.9113404139,633.470170480904,159979.538485622,159973.09050216,0.0136941051548913,0.874550277410453,0.884746181455703,NA,NA,NA,319.557310430519,403.712594865196,1701583.50015336,58863933.59583,NA
400,0.9,360,0.3,1,0,4,0.0262682635317428,1.47910171193544,1.49945356861944,16.3617403485918,4139.69189543993,4139.49486820676,18.484617556775,4329.88024474384,4331.04534132164,0.0250452924332793,1.15505406947951,1.17547914563487,NA,NA,NA,426.173065303073,543.993335359512,1503428.22232626,1600189.40596602,NA
400,0.9,360,0.4,1,0,4,0.0490149292876045,1.93261101395739,1.97389549918916,47.889341210304,12114.1977494978,12113.6302997101,23.3166019081193,5840.5554051669,5840.50978545435,0.044197369017076,1.4603697342575,1.49872562433755,NA,NA,NA,542.151702786966,713.298430084603,4361847.5986522,2035206.53208751,NA
400,0.9,360,0.5,1,0,4,0.0689205388419697,2.2159646047068,2.27602128512995,30.3303166216479,8477.43527050078,8473.85584604042,90.5696230692667,20773.728682748,20781.2033910863,0.0651524347111193,1.69740120631827,1.75576403620411,NA,NA,NA,636.755980350293,827.961177847009,3133691.9319855,7080938.26926447,NA
