"n","contamination_level","ctam_sigma","ctam_mu","cook_cutoff","robust_m_est_bias","robust_m_est_variance","robust_mm_est_bias","robust_mm_est_variance","robust_s_est_bias","robust_s_est_variance","ols_est_bias","ols_est_variance","ols_diag_est_bias","ols_diag_est_variance","ols_mspe","robust_m_mspe","robust_mm_mspe","robust_s_mspe","ols_diag_mspe","ols_est_mse","robust_m_est_mse","robust_mm_est_mse","robust_s_est_mse","ols_diag_est_mse"
50,0,0.5,0,4,-0.00169651654572012,0.0258432844386755,-0.00153388783415864,0.0259503780312466,-0.0215435721663964,0.0864617045981395,0.00228487654185328,0.0243952932018534,-0.00631616300937621,0.0348008107232137,1.03408627344671,1.03534947714008,1.03535571011378,1.13908053306142,1.05000994463829,0.0242785373966556,0.025716946184872,0.0258229789529781,0.0864935215768376,0.0346667005847587
50,0,1,0,4,-0.00930202031890026,0.0260728454177006,-0.00925773116588702,0.025928040360277,-0.0217701872114351,0.081857624675809,-0.0104163353986257,0.0235957452823876,0.00127087069433962,0.0355901315370504,1.06540462104089,1.06932538807311,1.06946425428732,1.15982436077191,1.0834229877191,0.0235862665991123,0.0260290087726253,0.0258841057448155,0.0819222776036508,0.0354137959916869
50,0,2,0,4,0.00225276883681103,0.0266532215164438,0.00161689895768058,0.0271897332126147,0.0279102906831419,0.0792388810701251,-0.00235989549454985,0.0261629511277532,0.00420278328962409,0.0314516345627757,1.06630129074651,1.06893491473937,1.07098831633549,1.16720582017599,1.08013213064697,0.0260377054788596,0.0265250303762937,0.027056398908791,0.079621670990792,0.0313120397773414
50,0.1,0.5,0,4,-0.0404151402445536,0.0201763997955667,-0.0373345098547913,0.020392679180274,-0.0403233868876809,0.0704095595952152,-0.0420672050906958,0.0207935037359231,-0.0283653050186869,0.0244893728769315,1.05636145230064,1.05802008919673,1.05786128596071,1.15397717693724,1.06263240521135,0.0224591859613862,0.0217089013575759,0.0216845814104702,0.0716834873273327,0.02517151654135
50,0.1,1,0,4,-0.0963584952958809,0.0293072087575271,-0.0669876439689423,0.0316506295719491,-0.0230219146693316,0.092813819575497,-0.158217584560131,0.0348504101419763,-0.0644679292009407,0.0319530740999044,1.08790648463828,1.06180321398398,1.05926176991685,1.16442350782777,1.06165224058245,0.0597089621553086,0.0384456323294258,0.0359797208685991,0.0928797590326615,0.0359494226248624
50,0.1,2,0,4,-0.304143266337471,0.0485178142191701,-0.125347608059816,0.0395967873923687,-0.0121717045458916,0.0742237727357921,-0.550831618310485,0.0803370059940327,-0.165833846381507,0.0374226915502866,1.40677416103728,1.16083968327923,1.08421296948564,1.14039621224164,1.09302790003425,0.38335079269461,0.1407783516065,0.0551108263017242,0.0740008042636656,0.0647364426982205
50,0.2,0.5,0,4,-0.0889482347575983,0.0276524606334975,-0.085314959548433,0.0284084158533383,-0.0722455885812447,0.08480738135562,-0.0991521123204067,0.0273394962142456,-0.0859507785632272,0.0350122260656593,1.04387572180502,1.04130831410336,1.04088855948135,1.14365354632846,1.05080574490147,0.0370339401107729,0.0354259867968228,0.0355450160968224,0.0896027695182924,0.0422247012709559
50,0.2,1,0,4,-0.228215657434914,0.0340337529191928,-0.197420860548754,0.035847899191559,-0.0790505810425264,0.0825241880582872,-0.30192628779304,0.0382730618728746,-0.162464229353905,0.0351428090235413,1.16600236781359,1.11421409682483,1.10063325432694,1.15483468134924,1.08640889766245,0.129241179823996,0.085945970453047,0.074643655875412,0.0883605614811568,0.0613617207979819
50,0.2,2,0,4,-0.649465811104287,0.0805426248953562,-0.366088371353232,0.0992879630798318,-0.0455764806129941,0.115016428906802,-0.846177924937751,0.0757643412476263,-0.425866490371794,0.068419716004095,1.83130476206732,1.5263136009891,1.248105715745,1.17724791769512,1.28328195309559,0.791402600193347,0.501945751564229,0.232812218904495,0.116518562347335,0.249439885045664
50,0.3,0.5,0,4,-0.131916573134839,0.0333007609680581,-0.129872640445639,0.0351487095273606,-0.091460660169878,0.108966947131069,-0.149761011920269,0.0320298032172358,-0.110375342681949,0.0424895055115884,1.11723414222967,1.11631435024047,1.11778352537298,1.23185823851073,1.12807033898406,0.0542980148925326,0.0505362394308572,0.0518398687160461,0.116787164754123,0.0544597742561881
50,0.3,1,0,4,-0.382819059693604,0.0404134795507967,-0.347344059296297,0.0436906313326646,-0.139934182553637,0.102724105812674,-0.458364741357954,0.0420480688415184,-0.29232567702612,0.0432102540149417,1.27273611558439,1.20945751182552,1.18886852744098,1.17053496146728,1.16098342356389,0.251936064617455,0.186761844617738,0.164120073704431,0.121792060730565,0.128448504193647
50,0.3,2,0,4,-0.94185424984672,0.0735219821220188,-0.739399290642516,0.141395948532682,-0.179049018693851,0.132950224964295,-1.05198373805399,0.0600155671484236,-0.708455302266841,0.0780301697455731,2.1812962409597,1.96947903285739,1.69919880284393,1.22000729641679,1.59723690083538,1.16638527444273,0.960243800165736,0.687400279792674,0.164344024934705,0.579548934206846
50,0.4,0.5,0,4,-0.18438660100358,0.0297960338362437,-0.180021304830967,0.0304043719339225,-0.147711528488193,0.0828276926383843,-0.19498451062522,0.0311833985119603,-0.166144941682707,0.0324687860757743,1.08826171674717,1.08430115521061,1.08442142274157,1.17636923424728,1.08938060926037,0.0690464409031571,0.063645472296716,0.0626600202672969,0.10423224982351,0.0599105837921454
50,0.4,1,0,4,-0.504803968457553,0.0446440434134215,-0.47619106591274,0.0522388414894504,-0.301766545195889,0.148043836017205,-0.571468947742445,0.0414557804880299,-0.412456921732255,0.0550791859322771,1.40832384679859,1.33835984617144,1.31790898994499,1.31381360327917,1.26422989789863,0.367825259819447,0.299247869766848,0.278735578537115,0.238366664636582,0.224924502287463
50,0.4,2,0,4,-1.16504664842199,0.0473834781118511,-1.10428142738582,0.0797718870275862,-0.510581720496476,0.364358135863386,-1.22285628027758,0.0371331608237551,-1.01340714819054,0.0647138256109508,2.61479290644052,2.48914664582204,2.39220829559845,1.76387145412396,2.1833441560838,1.53232497723397,1.4044802537206,1.29881049846171,0.623230038489211,1.09138430448658
50,0.5,0.5,0,4,-0.22114582760919,0.0289078980704402,-0.219589585862565,0.0292005526109046,-0.206885944641134,0.0848339551099839,-0.232055119014968,0.0301848075694807,-0.20681866971596,0.033215677589962,1.12846022478379,1.12115231335569,1.12114844595084,1.22042276663673,1.12187294219023,0.0838834617926842,0.0776688356490415,0.0772741360671429,0.127211579424488,0.0758235613450913
50,0.5,1,0,4,-0.623840451965117,0.0461426316159014,-0.605848552188714,0.0552220250103434,-0.377773188760893,0.148351208027416,-0.671916166467092,0.0401711166065948,-0.552060928378174,0.0586450091438038,1.5750300391046,1.51575741472269,1.50066011630457,1.41127391304145,1.45245904733666,0.491441595783394,0.435088827965864,0.421998383074453,0.290322034133853,0.363123052739856
50,0.5,2,0,4,-1.27393017316933,0.038992040303073,-1.25086231403514,0.0503821448809391,-0.852874131340571,0.316189666442676,-1.30410844203467,0.0315902141225318,-1.13940973905302,0.0525458253542742,2.81449902984865,2.73786007430155,2.69615873979721,2.17287783475398,2.43326017558035,1.73213109163802,1.66169516621279,1.61478676282987,1.0420030020204,1.35053764967638
50,0.6,0.5,0,4,-0.243257001754823,0.0328407555254368,-0.241250240538589,0.0334591269046586,-0.195582564798668,0.094898978575136,-0.255429934320343,0.0315751398098936,-0.22860253544567,0.0409796999211126,1.14732497026056,1.14556180140233,1.14516590168843,1.23781400662749,1.14923320525936,0.0966617154577389,0.0918505206505557,0.0914935098300624,0.132677023335486,0.0930339206336959
50,0.6,1,0,4,-0.712468354518185,0.0343049300500483,-0.704272359478024,0.0380286783950103,-0.538054658624313,0.148994930983938,-0.747231551589211,0.0307840026987541,-0.656732102284096,0.0427985313108136,1.61982535906612,1.57117366623924,1.56378500533366,1.53202471190942,1.51816504984065,0.58898507437568,0.541744561589648,0.533838091327778,0.437752771996344,0.473881592824747
50,0.6,2,0,4,-1.42184735898098,0.0258193114413886,-1.41861294645968,0.0262459656462886,-1.20382765509726,0.253074662786321,-1.4329589843778,0.0244561382235846,-1.33998311957623,0.0366258604605674,3.22099992577943,3.19206717401003,3.18612276002007,2.95292406195874,2.99162943938894,2.07770530844153,2.04734012712537,2.03857742768106,1.70101031264935,1.83199749190751
50,0.7,0.5,0,4,-0.289482846894929,0.0341149372152103,-0.289186292087483,0.034230516397225,-0.270037269825477,0.0981399664208895,-0.299266169572951,0.0324281542888823,-0.274654332910516,0.0407231736238927,1.1470173101088,1.14490063994144,1.14567650315337,1.26891854815765,1.14863007762339,0.121826253768304,0.117744681175527,0.117688075346546,0.170569393683583,0.115954560342294
50,0.7,1,0,4,-0.808463836615337,0.0387159897579783,-0.80791007366377,0.0391498635261524,-0.694207078083155,0.144872120501305,-0.821216888945085,0.0384881242231053,-0.772372162556214,0.0459341612944225,1.81416993301047,1.7967302992921,1.79835926677187,1.84161137135643,1.75633061243981,0.712692862290633,0.692136184923979,0.691672801335919,0.62607122715955,0.642263247979713
50,0.7,2,0,4,-1.44717295087799,0.02387525473952,-1.44377754757782,0.0250416497418946,-1.361157750306,0.121833084238148,-1.45404369827349,0.0230336929042869,-1.38783849679246,0.0325396949372297,3.21137670047146,3.19968342577783,3.19423467459408,3.22205607744414,3.0597562167515,2.1371616009286,2.11806542821874,2.10941004838301,1.97397434003505,1.95847268964171
50,0.8,0.5,0,4,-0.312904449156249,0.0293331611828782,-0.313141228056886,0.0296421309018778,-0.292474124927317,0.0873718761862377,-0.321736938690149,0.0290972808443023,-0.307866481861692,0.0383907421176772,1.16347423131752,1.15631879679085,1.15791650707841,1.28031828162808,1.16878682271979,0.132466452157789,0.127095689678739,0.127551348956343,0.172476130557306,0.132980559060985
50,0.8,1,0,4,-0.853324806372228,0.0365533340355864,-0.853706296164415,0.0373115167315904,-0.78776076561463,0.121434271558587,-0.864486686825272,0.0339689691806708,-0.805442292125474,0.0466987625885575,1.85528450151929,1.84403973530517,1.84534634071997,1.93524642996507,1.78434912550143,0.781136356032904,0.764533792535609,0.765939399258697,0.741394124042543,0.695202554719953
50,0.8,2,0,4,-1.53779751762346,0.0226722641734523,-1.53616903494749,0.0239262376631841,-1.5099629538447,0.0769645483722385,-1.54348983072897,0.0208962393676024,-1.50297332313809,0.0315955904038632,3.37175557375293,3.35520871665028,3.35140280587074,3.47269842800325,3.26742051008158,2.4031526157345,2.38738010806146,2.38362191040638,2.3565678476138,2.29036642251659
50,0.9,0.5,0,4,-0.363868853385675,0.0350243310397536,-0.362444447574684,0.0341417733417977,-0.340163478972911,0.0949256838194533,-0.365973349859239,0.0335245625784682,-0.376044679327488,0.0458359268929481,1.19672920948301,1.19891864456737,1.19721799814479,1.31114958682953,1.22333754575581,0.167293432572769,0.167249751848761,0.165337042052807,0.21016224782731,0.187016348108997
50,0.9,1,0,4,-0.905708956946757,0.0342859183731224,-0.90606929514275,0.034343776499765,-0.880389202819305,0.113876951444215,-0.918204266281123,0.032305021538699,-0.889973182151318,0.0450031895701619,1.92434418981534,1.90508791963821,1.90423135155459,2.05882002678046,1.88834081170742,0.875242571047861,0.854423203474839,0.855133625217746,0.888392715127806,0.836830438570854
50,0.9,2,0,4,-1.56735867482371,0.0207687338790904,-1.56823733911194,0.0208206158796185,-1.55174748669054,0.0691473663954034,-1.57154647779603,0.0196375123061717,-1.55898987128131,0.0251537589798153,3.55927118675014,3.55708477438614,3.56703782837802,3.8195458487175,3.55116177234674,2.48929765661775,2.47727810575483,2.48008486458513,2.47672189201383,2.45547740894262
50,1,0.5,0,4,-0.418682506372563,0.0346936693492833,-0.422172033582213,0.0360420459436462,-0.428964569064505,0.106393956632777,-0.414006264856304,0.0331118598968385,-0.419550050307611,0.0460227978248934,1.28530771283513,1.29027255385538,1.29505155986366,1.43665661104377,1.31099986159933,0.204347487937623,0.209815242144948,0.214091061652869,0.28987258836231,0.221814928548888
50,1,1,0,4,-0.997648174562086,0.0365420640003989,-0.997394591467687,0.0372300300789145,-0.985975573715239,0.106081923258188,-0.996905467017106,0.0333865212923759,-0.988340972723982,0.0484696544903002,2.0384619126517,2.04588026429003,2.04529585353677,2.19742081482579,2.04813833196234,1.02704009885451,1.03166123388746,1.03183985101752,1.07769934560499,1.02504518458283
50,1,2,0,4,-1.59837642524978,0.0218735504590751,-1.59944763478536,0.0221236744287447,-1.59886546864172,0.0604645203309077,-1.59542390930214,0.0207808356702231,-1.59563935258371,0.0262139071826026,3.60553540972165,3.61922684984681,3.62507142576901,3.88090466140515,3.63220159378639,2.56605438186479,2.57657137950105,2.5802457924771,2.61653298454417,2.57214778116044
100,0,0.5,0,4,-2.12586922940794e-05,0.00959308833580899,-0.00140478864769467,0.00976325844038406,0.00842816926075818,0.0355150528754097,-0.00093482473206663,0.00932558979686885,0.00311246496307227,0.0128884343946075,1.03760877797939,1.03848966857871,1.03897802040797,1.08753450034598,1.04097005042283,0.00927983574516419,0.00954512334606194,0.00971641557932683,0.0354085116481206,0.0128336796607808
100,0,1,0,4,-0.00719098312253741,0.0138902265516495,-0.00742074220703515,0.014273328929316,-0.00836314582896369,0.0385645535187686,-0.00567984577013636,0.0123965444624227,-0.0117183726662398,0.0178158426696318,1.03443386880753,1.03684238216813,1.03721179954038,1.08488259045658,1.04217355650672,0.0123668223880831,0.0138724856571599,0.0142570296995726,0.0384416729593313,0.0178640837142286
100,0,2,0,4,0.00647629180182641,0.00981962499355713,0.00681042342282323,0.0099360327862637,0.018610560135421,0.0380250057041862,0.00383545836504684,0.00934803057761813,0.0101314304245963,0.0121994832722386,1.02753314931021,1.02775388769521,1.02809784701018,1.08098728306388,1.03201370239466,0.00931600116560005,0.00981246922409175,0.00993273448953052,0.0381812336242193,0.0122411317383259
100,0.1,0.5,0,4,-0.0323997113495014,0.0101929151995354,-0.0314388363647575,0.0102444984429772,-0.0130559599433275,0.039682529477984,-0.0385890421742026,0.0101310426700015,-0.0325045467758494,0.012852372335492,1.00906462727265,1.0101977306268,1.01036718356767,1.07477329716932,1.01385606437236,0.0115695016325739,0.0111916919190688,0.0111816763827323,0.0396545749206358,0.0138446560349179
100,0.1,1,0,4,-0.107708304247615,0.0172218500533986,-0.0860342468201669,0.0177131101132908,-0.0262210619459433,0.034945951986203,-0.166165327186912,0.0189658922127349,-0.0804546278615363,0.0194119861008417,1.04969634569416,1.03195910653072,1.02796364048495,1.06126735595063,1.02921386624768,0.0464819787108048,0.0287368196070284,0.0250264361886378,0.035458766315845,0.0257878733146757
100,0.1,2,0,4,-0.289349480320703,0.023733490381786,-0.125470309562567,0.0193389679081609,-0.0332902662016847,0.0299979194687526,-0.540743192152017,0.045309194634449,-0.182577785389431,0.0208505465562621,1.38131740572082,1.13383193835632,1.05328745444337,1.07068966903672,1.0767082780601,0.33748584852003,0.107337944691738,0.0349850716503464,0.0309561716951878,0.0540809415411898
100,0.2,0.5,0,4,-0.0775813402610439,0.0137125815914082,-0.0742295158008079,0.0136466214795064,-0.0384699470441221,0.0344636799613921,-0.0926460873063932,0.0142046799820269,-0.0622184090661531,0.0169098124481865,1.02687845425754,1.02371642746389,1.0236435852483,1.06522222378709,1.02672830238009,0.0227169540753006,0.019662883040151,0.0190884093881313,0.0357712983871627,0.0206963938126688
100,0.2,1,0,4,-0.245858574379204,0.021236315459175,-0.209590114744458,0.02379860282982,-0.0912350116034299,0.0433653766524172,-0.331935741279702,0.0231099063364293,-0.185884345143149,0.0224392959106763,1.1609277539057,1.10523689812337,1.08978226636494,1.09367487090918,1.07845735376359,0.133175693143652,0.0815765724776539,0.067607626014266,0.0514723771114331,0.0568800892004203
100,0.2,2,0,4,-0.63889807670747,0.0464210667635343,-0.335606020900299,0.0493116262162047,-0.0387998017294882,0.0381161726367736,-0.878698178202235,0.0396950653293882,-0.429444900661942,0.0387935070118817,1.86796571528875,1.50005580360422,1.20094328980366,1.09064168957342,1.26307124803888,0.811607078378668,0.454379713850221,0.161696469349655,0.0394310163878373,0.223022462181367
100,0.3,0.5,0,4,-0.110556033088734,0.0118863751467835,-0.109368499856004,0.0124682968887576,-0.0686332376050507,0.0452974829362384,-0.125622231735693,0.0118826710335859,-0.0958026668295913,0.0165491592455422,1.05544166121194,1.05327244887349,1.05339430703367,1.10837737872343,1.05612670119304,0.027604202784674,0.0240495797233668,0.0243674241650667,0.0497815168257085,0.0256445644209762
100,0.3,1,0,4,-0.390980614832904,0.016836242462564,-0.358687139191575,0.0184358944131678,-0.138055842190158,0.0460347939510216,-0.473326728320607,0.0179634002287775,-0.316806439459828,0.0189714684107423,1.27513310270061,1.19892311224602,1.17610865528876,1.10266462517674,1.14674046935598,0.241911774970323,0.169617902425367,0.147000178762538,0.0648640355441003,0.119242931151903
100,0.3,2,0,4,-0.955213272123383,0.0349889665557328,-0.791380104182576,0.0733786509740301,-0.148454189231452,0.0679406375131751,-1.08371994524724,0.0233426886483589,-0.750751656137555,0.0354598229422598,2.20254678349745,1.95882664586564,1.71936246734422,1.1341560314518,1.61573656531249,1.1976748949318,0.947246416963615,0.699294227015185,0.0896395806259769,0.59891057302083
100,0.4,0.5,0,4,-0.168185321856116,0.0148456944262098,-0.165413812267449,0.0148656316651598,-0.112879871911857,0.0444028988537317,-0.181968490058366,0.0141411349806035,-0.157635824419635,0.0190446852487824,1.06994838269232,1.0660647871612,1.0654176740577,1.10411382467501,1.06681456351765,0.0471829606798222,0.043057768441924,0.0421530327956849,0.0569227498423003,0.0437985149629966
100,0.4,1,0,4,-0.495174729359572,0.0243239251429641,-0.47608941650494,0.0255959286361569,-0.238093173513846,0.0675994425822915,-0.55761253319263,0.0233413111066294,-0.420706096526682,0.0285107533198922,1.36456574839573,1.2994463764758,1.28230231321988,1.18204295679268,1.23669655333208,0.334156341724599,0.269400318113575,0.25212908150099,0.123949804643274,0.20536181920801
100,0.4,2,0,4,-1.14059511453441,0.028443665157404,-1.08822508804129,0.0426879963774529,-0.367168368607274,0.156750287325502,-1.21035537826693,0.0218776478355682,-0.977381745752288,0.0333935818207854,2.47107591768165,2.31385455652799,2.21205556999827,1.30854745178393,1.97852797093136,1.48672840129606,1.32925866213139,1.22670839863805,0.290779146794602,0.988501690841471
100,0.5,0.5,0,4,-0.216037162390353,0.0111217185011896,-0.214165247014061,0.0114763586586326,-0.166651204815768,0.0542085471886435,-0.23034678691756,0.0100750972340423,-0.200367804318443,0.0155001271855862,1.08603695821334,1.07999726820585,1.07972836939507,1.13040349298973,1.08084585645318,0.0630843639911159,0.0577381654423593,0.0572857298939332,0.0817101285192473,0.0555698835570523
100,0.5,1,0,4,-0.620755020343127,0.0223710879493303,-0.609933641996791,0.0234936807711159,-0.367482490353179,0.0986141628764734,-0.667655375009956,0.0191099667359889,-0.549916376875358,0.0284654805343112,1.48611171372489,1.4286104038531,1.4163087577541,1.29602702793231,1.35574713373612,0.464778116681994,0.40759602779078,0.395395260006729,0.233164472778265,0.330731174687361
100,0.5,2,0,4,-1.29194790470047,0.0210059188731912,-1.27952815875332,0.0240989219663907,-0.724957630727684,0.267283742840171,-1.32291784550374,0.0171904105086318,-1.17519820638723,0.0248674747154555,2.79653210564645,2.71901808412784,2.69012019834716,1.85821938088468,2.4400440386269,1.76721608440836,1.69003027773875,1.66117073639922,0.791510890476267,1.40583396163764
100,0.6,0.5,0,4,-0.25840822051852,0.0150079048056677,-0.256880353739784,0.0146185583857651,-0.239739990250508,0.0520209144133568,-0.268207642320393,0.0139385658741931,-0.254450885997892,0.0191511128709905,1.11846441975295,1.11506202046906,1.1138185411482,1.1699164182125,1.11840886882844,0.0858042124438858,0.0817076737131875,0.0805329817313129,0.109236072766603,0.0838006106917477
100,0.6,1,0,4,-0.718023593076564,0.0231327102731901,-0.712616152739488,0.0239749241466192,-0.504544645112538,0.0991926965856659,-0.753048273128641,0.0202723681901648,-0.662569506194055,0.0250787829168034,1.62107537064951,1.57053119610864,1.56390428077311,1.44896795839804,1.49871195205141,0.587252708011243,0.538574926936404,0.531676830671115,0.353262032014475,0.463951739540454
100,0.6,2,0,4,-1.39592144892492,0.016320039599997,-1.38391541685788,0.0197054766496517,-1.16220978205101,0.196060630552259,-1.41651062036568,0.0149340170769837,-1.31043436970219,0.0224538968777762,3.03711358155525,2.98179344789175,2.95410018789688,2.63120316038093,2.76130579957935,2.02136168460037,1.96483513097065,1.93482883028331,1.54581190489454,1.73957986469016
100,0.7,0.5,0,4,-0.303183438569566,0.0165113921707989,-0.301535500548042,0.0168410105227873,-0.258194303798564,0.0513159274431861,-0.312153676246926,0.0160275146032635,-0.28849550919438,0.0209767157522306,1.14066945167685,1.13547286379899,1.1351005231435,1.17967663240479,1.13270718118587,0.113387294624718,0.108349032632811,0.107680463560932,0.117723646319995,0.104101490998794
100,0.7,1,0,4,-0.780118046753803,0.0181674664600441,-0.776730739259006,0.0190797477510809,-0.621935216493326,0.0903409454483924,-0.802001617559366,0.0170715843705276,-0.737632945901022,0.021830180311411,1.6880170502333,1.65173836650611,1.64775968792453,1.52763279147475,1.58982972026252,0.660192821016515,0.626660795998712,0.622294990322167,0.47669265423575,0.565823392288475
100,0.7,2,0,4,-1.45415135773015,0.0119517135643385,-1.45216220449441,0.0118783217014618,-1.35678354214576,0.0916117865056549,-1.46561983313964,0.0113715764497586,-1.39487875807757,0.0172537980986135,3.16472547351546,3.13603815650458,3.1309427454509,3.04061632239476,2.98499956242944,2.15935621385978,2.12644812618497,2.120593998255,1.93201530781072,1.96285427884415
100,0.8,0.5,0,4,-0.322202241907501,0.0150211710032935,-0.321829399646876,0.0152779496801788,-0.304743090840153,0.0678437373931432,-0.332630982984491,0.0135840745856264,-0.314935530934713,0.0203950427633433,1.13787982107011,1.13334773706181,1.133154771581,1.20307340727409,1.13429703490514,0.124159525053927,0.118760349838497,0.118775722408846,0.160372870120987,0.119477456194656
100,0.8,1,0,4,-0.887659954345729,0.0183314884858535,-0.885803334793458,0.0184948273227137,-0.812208036271041,0.0809227854840851,-0.900481168049176,0.0162909765671797,-0.857032575706536,0.0233594325873059,1.881871097266,1.85989374287202,1.85913196357998,1.83389159245403,1.81885872262026,0.827075855695553,0.806180025592486,0.803049901117311,0.740200065739925,0.75774747124655
100,0.8,2,0,4,-1.51860417842973,0.0117261096377206,-1.5188247600519,0.0118432111206447,-1.48524512938769,0.0507937031005989,-1.52012598293716,0.0110585765333592,-1.4887998768928,0.0155544957225907,3.40340479709924,3.39974968270554,3.40054685491332,3.42880625012043,3.31763220007747,2.32178628765136,2.31782612983376,2.31861264681174,2.25649282895494,2.23200179668001
100,0.9,0.5,0,4,-0.357213077807217,0.0146053456940108,-0.359433107618185,0.0170397454916286,-0.357052833524025,0.0592556477071073,-0.362785351151459,0.014513414162732,-0.356199916144789,0.0186272209193386,1.15404445901644,1.15232636102712,1.15674060389572,1.26164224578711,1.1577339756851,0.146054058102006,0.142133501922046,0.146146705616236,0.186446095396107,0.145412465076297
100,0.9,1,0,4,-0.939910248082477,0.019705854378374,-0.939445334614089,0.0199571667842466,-0.910500910561923,0.0685471384356574,-0.948738926371059,0.0182806578390913,-0.929599253962568,0.02456270718782,1.95192618979729,1.93673827740695,1.93667503772977,1.99440956701003,1.92311654086661,0.918294804961605,0.903038599556946,0.902414917678502,0.89721631087757,0.888594666619644
100,0.9,2,0,4,-1.56186289615652,0.0102342120604831,-1.56210649078707,0.010401872479349,-1.55893357254584,0.0334954543958755,-1.56456311713447,0.00958965463602275,-1.5534613654632,0.0137839198517205,3.50962791271856,3.50049627504416,3.50212776863063,3.60090141990452,3.48524686929983,2.45739945386038,2.4495987473906,2.45052655167605,2.46360186073444,2.42695721423925
100,1,0.5,0,4,-0.4056806662606,0.0182177005590545,-0.406443227872144,0.0181759214818149,-0.435653638451023,0.0514629407043672,-0.406763371650627,0.0173949647317714,-0.410779077737948,0.0240746746517846,1.19196504335159,1.1920101851621,1.19260209024241,1.28850012379116,1.20374752831298,0.182764430424699,0.182703415033903,0.183281139357533,0.240999718696461,0.192693751985765
100,1,1,0,4,-1.0125876863083,0.0171083971536702,-1.01205177494426,0.0173705718318446,-1.02133957409359,0.0509079710865617,-1.01136670620332,0.0168111846176778,-1.01268437767331,0.0204581168522317,2.10082092691998,2.10546259606499,2.10440075707714,2.20833159270136,2.11311657002058,1.03958974311113,1.04235667763109,1.04153251414051,1.0937879568408,1.04588547505155
100,1,2,0,4,-1.59991763519925,0.00764453207337263,-1.59908690417701,0.00778271815839839,-1.60953345931748,0.0316894841295302,-1.59937273231993,0.00789192136229928,-1.60304494128304,0.0104682752050474,3.66069753843441,3.66497375323661,3.66277590148418,3.80395689786981,3.68917240769316,2.565845598644,2.56734274883456,2.56482273167801,2.62212899337138,2.58016901760216
200,0,0.5,0,4,-0.00245529017530099,0.00633859588601341,-0.0023809510535171,0.00626651777226112,0.0142447190326216,0.0206664274775333,-0.00394754333961878,0.00567730539900393,0.00393391638126817,0.00780667235461268,1.01835118475632,1.01944180556112,1.01945976754119,1.04609358266045,1.02137056014588,0.00566450197042708,0.00631293135642827,0.00624085411131906,0.020766007360464,0.00778311469093443
200,0,1,0,4,0.00194386393429236,0.00596761356827441,0.00161413044944769,0.0061086418780661,-0.00074908027650622,0.0240372651013548,0.000693286662877046,0.00575132442488404,0.00302836034743548,0.00780695388384773,1.0093049678212,1.01008624643424,1.01010871845101,1.04012470244113,1.01160509103881,0.00572304844915654,0.00594155410742808,0.00608070408578361,0.0239176398971087,0.00777709008082241
200,0,2,0,4,-0.00308883075221766,0.00568350765210025,-0.00362639429659928,0.0056721319290533,-0.00386316696151634,0.0202061190762343,-0.00354972045049529,0.00531605052498355,-0.00142040032811863,0.00737396011132527,1.00426165130166,1.00534333209005,1.00539455851734,1.03474302794894,1.00776661014445,0.00530207078763529,0.00566463098925559,0.00565692200500244,0.0201200125398257,0.00733910784786076
200,0.1,0.5,0,4,-0.0383985917992891,0.0054931469816666,-0.0366070309636164,0.00551327686628776,-0.0139929747503431,0.0169436355015985,-0.0455878664717038,0.00570844628014205,-0.0337199785843032,0.00610387573153102,0.998086512695941,0.997697157271086,0.99774109401381,1.0192820742651,0.998911984022654,0.00775815761818324,0.0069401330989267,0.00682578519792749,0.0170547206664543,0.00721039330859923
200,0.1,1,0,4,-0.118323972117881,0.00612036547655714,-0.0914642898278217,0.00639274912151949,-0.0121600852478276,0.0193879546709469,-0.186523038340276,0.00772101841622549,-0.0858331692255483,0.00746738655537243,1.05029675151703,1.0288969663282,1.02406518184274,1.04267273739092,1.02320591542507,0.0424732571558324,0.0200903260269275,0.0147265016896197,0.0194388825708266,0.0147973825618972
200,0.1,2,0,4,-0.287543246891934,0.0117935079514456,-0.109984650073191,0.00965718659747748,-0.0172322776292713,0.0162437472390709,-0.559248600654984,0.0217662255804143,-0.176006708629673,0.00951891498373386,1.34957420289334,1.10594518284182,1.03174341538553,1.03689448986293,1.05067088388849,0.33441639178707,0.0944156592448442,0.0217055239162123,0.0164594798951678,0.0404496818914659
200,0.2,0.5,0,4,-0.0850971754294305,0.00671013205948889,-0.0826740199942981,0.00673269253765594,-0.0636320929200587,0.0192623096474992,-0.0969536899399621,0.00706478503920791,-0.0758621590859152,0.00810439074105472,1.02151126744756,1.01946473454681,1.01936441507647,1.04552429583431,1.0204256371047,0.0164294791069862,0.0139181106652587,0.0135340226569853,0.0232150413486487,0.0138189359685261
200,0.2,1,0,4,-0.247996793912594,0.00878978714155491,-0.21579380869425,0.00941394755904006,-0.0792400357863126,0.0190981435155225,-0.333330911178581,0.0108732957592228,-0.191134261134633,0.00911723821966388,1.12037727771598,1.06866249759274,1.05480424870198,1.03411195861027,1.04529989439731,0.12192842562757,0.0702482479967725,0.0559338456920155,0.025281636069361,0.0456039578080478
200,0.2,2,0,4,-0.639219622050745,0.0252015930373315,-0.375488890172135,0.030726123973304,-0.057237516937426,0.0214013535530602,-0.873647487025917,0.0204042233774232,-0.460962630548515,0.0194026375353935,1.79109070138183,1.44346208569402,1.18475799848428,1.04447357399412,1.24352846182388,0.783562133847235,0.433677310286842,0.171564399996139,0.024570480130457,0.231792171109923
200,0.3,0.5,0,4,-0.132510396815549,0.00649216206788208,-0.13172247374244,0.00662958026122922,-0.0862382485213351,0.0228101057381632,-0.146326207202948,0.00595788444067658,-0.11908563319395,0.00809204662849411,1.03779089770264,1.03496402947505,1.03524898975298,1.05679121026563,1.03363158835568,0.0273394539328734,0.0240187065217568,0.0239472424487508,0.0301330907174999,0.0222329744285557
200,0.3,1,0,4,-0.37252316926367,0.0106481025306765,-0.346057150713577,0.0118877117890772,-0.13132856434025,0.0248022221595327,-0.455670906196692,0.0101905858354824,-0.297225286713149,0.0108108317713109,1.23257968146487,1.16206275589153,1.14359739970145,1.05961401680541,1.11264294514347,0.217775607660419,0.149368373656272,0.131583824790131,0.0419254028604064,0.0990996486741677
200,0.3,2,0,4,-0.955260789948336,0.015341478456007,-0.797024068212463,0.0320274515047854,-0.122974606817811,0.0289059307625792,-1.08181950967847,0.0110175220060778,-0.762918181904896,0.0159235842829518,2.21994840315929,1.96286572438429,1.69931818510482,1.06589712926814,1.62944454680472,1.18129588591702,0.927787947876446,0.667114679557206,0.0438841550307615,0.597888118642609
200,0.4,0.5,0,4,-0.163199961895549,0.00696660368096229,-0.161543564377583,0.00703907125117731,-0.107166885193964,0.022611386252481,-0.181452894987771,0.0065427850345969,-0.147304237697884,0.00786800288889641,1.04792133753971,1.04233984065191,1.04207177300889,1.05546291194267,1.03924831883911,0.0394352242088668,0.0335659982252662,0.0331001990867356,0.033983070603395,0.0295272013182066
200,0.4,1,0,4,-0.514117033029459,0.0104159617486717,-0.497620306492488,0.0112877445892411,-0.223641921128602,0.0322368011030412,-0.580769076277633,0.0102443833770299,-0.437905175433492,0.0117032308144164,1.34623818479021,1.27453400431731,1.25969227549042,1.10159119150197,1.20643608744574,0.34748588142052,0.274680205590942,0.258857275299972,0.0820913259836177,0.203405657331782
200,0.4,2,0,4,-1.15437340925769,0.0153959056848351,-1.1058979947621,0.0232800201931499,-0.247894013473497,0.0664837977972254,-1.22382432452198,0.0115739473365153,-0.994725836049029,0.0191814423033221,2.51842161016893,2.35821375779776,2.2588382427698,1.15904396241507,2.02217135249328,1.50926205489151,1.34789689415763,1.24617399491102,0.127602820724238,1.00856502399525
200,0.5,0.5,0,4,-0.205077880775565,0.0070545602662171,-0.203750548993695,0.007088544804052,-0.153958412077437,0.0231425098645896,-0.219245197154033,0.00684948879340843,-0.188756803892526,0.00929714884162205,1.06167858674659,1.05651599054799,1.05607081596249,1.06720702708449,1.05339758975095,0.0548836978245523,0.0490762246482828,0.0485673882952639,0.0467299899646725,0.0448797941131356
200,0.5,1,0,4,-0.600153061295788,0.0105420357835237,-0.588870333514148,0.0117505887613865,-0.323898267190605,0.040798123606691,-0.655077386661584,0.00905091260607718,-0.533662248287247,0.0122943502354942,1.42538856728395,1.35987396662599,1.34792355308141,1.15658831966721,1.29034241384796,0.438132040558418,0.370673022587312,0.358460105510643,0.145504220477734,0.297028273731316
200,0.5,2,0,4,-1.29996738674255,0.00946140687114711,-1.28912108533462,0.0112080496831663,-0.69550033281216,0.187447448437336,-1.33583464193422,0.00797380815119241,-1.18353973210413,0.012261420704659,2.80793693896033,2.71687798019895,2.69267025595822,1.72006079715333,2.43535443190323,1.79238812970197,1.69932930643105,1.67298518208905,0.670230924136975,1.41296641107024
200,0.6,0.5,0,4,-0.254660651341681,0.00850080268694294,-0.254012873857968,0.00867956223976727,-0.19721508606292,0.0280163391211045,-0.268523749631597,0.00789324602280274,-0.240564627515263,0.0110805715332248,1.09622872968445,1.09038934234017,1.09037944262394,1.10735917169097,1.08680981264716,0.0799587839089013,0.0733103460152773,0.0731587045141524,0.0667700475963039,0.068896508687116
200,0.6,1,0,4,-0.705749432465374,0.00945243941856843,-0.700351113718042,0.00969777402823504,-0.484122705907969,0.0450120212316479,-0.742144749011713,0.00868924511990157,-0.652571904441049,0.0121703880788875,1.57342075666141,1.52165083035747,1.51445117548297,1.31496007246161,1.4527030126886,0.559424627379961,0.507487438646673,0.500140967644196,0.279161755501144,0.43795962660431
200,0.6,2,0,4,-1.38613453068372,0.00680970583526966,-1.38284552512795,0.00779335654162443,-1.20328340828428,0.0963781850079226,-1.40517940051027,0.00626516149630581,-1.31376635799987,0.00868010748950146,2.99387004950848,2.9408045920283,2.93235417436288,2.60035645352955,2.74675034778315,1.98076298330722,1.92814459445986,1.92001613612532,1.54378725473512,1.7346187503643
200,0.7,0.5,0,4,-0.287084740974915,0.00653972105715942,-0.285934565931278,0.00670245727501721,-0.25232509073242,0.0276384193966669,-0.297860675547948,0.00623769265422243,-0.275142776593644,0.00888015405485906,1.10054414796441,1.09389001304354,1.09334442236055,1.10992685768361,1.08954821737797,0.0949274862288314,0.0889246709525077,0.0884275209829506,0.0911681787128076,0.0845393007962447
200,0.7,1,0,4,-0.80759489456713,0.0112143680361279,-0.807204263720691,0.0115967428303608,-0.669716096394799,0.0505576668531255,-0.831564283345653,0.00977727105994944,-0.769760642347384,0.0141718342657974,1.73160773924497,1.69540659290433,1.6950875269626,1.5678024596393,1.63954867939083,0.701227542040819,0.663367809926841,0.663117482485072,0.498824528289148,0.606632421601526
200,0.7,2,0,4,-1.46168249117627,0.00740235115225239,-1.4612823758231,0.00751551631358385,-1.42730009109772,0.0446275402882177,-1.46695914946689,0.00644482429012874,-1.42021759959687,0.00905914570403118,3.14234310803488,3.12831454428155,3.12733286905027,3.11887746191113,3.01298641293607,2.15838174637329,2.14388104440776,2.14282412062321,2.08158995263433,2.0260318801802
200,0.8,0.5,0,4,-0.334289822224424,0.00950282523078772,-0.333643755510524,0.00957191630575496,-0.301952295143617,0.0265519620078474,-0.339143414414078,0.00890758967165518,-0.32948967967255,0.0103342407651915,1.1302168119562,1.12751017736444,1.12712000450303,1.13750900919965,1.12545574775289,0.123881307263736,0.121204996347471,0.120842212315393,0.117594390740306,0.118846018572085
200,0.8,1,0,4,-0.877258203522534,0.00944231371851143,-0.87590940362685,0.00969780880946582,-0.79646876804345,0.0381817572398353,-0.892004723613238,0.00840876125428717,-0.85187478620144,0.011413055121892,1.82633044488479,1.80130954199264,1.79892281699793,1.71820892923102,1.76051615563358,0.804039144396345,0.778977057797502,0.776866603127362,0.672353346922286,0.737046641212032
200,0.8,2,0,4,-1.51337361651361,0.00555358905628778,-1.51237672168296,0.00555093730784517,-1.476996701375,0.0219865322152955,-1.52040302459809,0.00525392758007915,-1.48126152330994,0.00686852826517673,3.36702240019716,3.34842923678315,3.34607417168233,3.30354755570498,3.25720630265414,2.3168530151492,2.29582552427048,2.29280653090981,2.20339585542684,2.20096988606233
200,0.9,0.5,0,4,-0.366453592194359,0.00767092547460476,-0.366399026689786,0.00767990710196098,-0.359224362336112,0.0249907317471854,-0.369398400734936,0.00728496081581954,-0.361949338914187,0.0100643092203017,1.15531308690455,1.15423871884325,1.15410535413948,1.19160163849014,1.15621934080751,0.143703714477269,0.141920806079381,0.141889754325674,0.153907920584236,0.141021311614617
200,0.9,1,0,4,-0.93040464351821,0.0078087697241641,-0.930968897540349,0.00799516229146186,-0.911061056509648,0.0308789234388301,-0.937248934399854,0.00750642202081895,-0.922137905199122,0.00980244116115116,1.90958804557193,1.897478970782,1.89947883271327,1.9215729481122,1.88568841524799,0.885904454944376,0.87342252655579,0.874658274667497,0.860756777510111,0.86009174516037
200,0.9,2,0,4,-1.56159876235359,0.00507229058948558,-1.56169830721235,0.00509497070468812,-1.5562642820695,0.0150208759881902,-1.56440670962631,0.0045963988489614,-1.55065186990175,0.00649780971637966,3.4689302365206,3.46068517281741,3.46088799939333,3.49880250705176,3.43143053740934,2.45194176997852,2.4436376237208,2.4439710986011,2.43690428725356,2.41098654229758
200,1,0.5,0,4,-0.394376243822004,0.00739950756817246,-0.395217380921298,0.00752394214636241,-0.384446496755055,0.0268404121752238,-0.394863390550849,0.00692722248870995,-0.398326590732591,0.00934597540211296,1.16320602739809,1.16353188880662,1.16443720786249,1.19520756336967,1.16939285431972,0.162809683573578,0.162895131721484,0.163683100617921,0.174505318981582,0.167963318409751
200,1,1,0,4,-1.00990399440645,0.00948379448147806,-1.01053254721996,0.0094926497583339,-1.01265068898351,0.0303743468176373,-1.01071520768165,0.0084743706953907,-1.01761214679938,0.0116633008377399,2.05097221829232,2.05023458426316,2.05161359580841,2.10647374868567,2.07037607783035,1.02997722988087,1.02934245342718,1.03062121550041,1.05568389298232,1.04713946564719
200,1,2,0,4,-1.60893950050337,0.00560106835725993,-1.60854020436835,0.005600616223941,-1.60385095912123,0.0161769123498557,-1.60908555588167,0.00519929136040563,-1.60751330660149,0.00657915628863107,3.57037527393976,3.57197317243361,3.57075268939154,3.60672674743558,3.56961421508423,2.59432962105062,2.59425937929552,2.5929742022122,2.5884339268622,2.59064529140803
