"contamination_level","ctam_sigma","ctam_mu","cook_cutoff","ctam_rho","robust_m_est_bias","robust_m_est_variance","robust_mm_est_bias","robust_mm_est_variance","robust_s_est_bias","robust_s_est_variance","ols_est_bias","ols_est_variance","ols_diag_est_bias","ols_diag_est_variance","ols_mspe","robust_m_mspe","robust_mm_mspe","robust_s_mspe","ols_diag_mspe"
0,1,0,4,-1,0.000132222838568761,0.0402148431728858,0.000181475400551965,0.0419858239211923,0.00214159899547755,0.144831413645413,7.87488500914403e-05,0.0385627860214769,9.63709327855914e-05,0.0516084536316488,1.06081600550885,1.06238631468743,1.06834908902686,1.21604917391668,1.07887006937783
0,1,0,4,-0.8,5.74473010440056e-05,0.0420280569529028,7.01937471437161e-05,0.0425336411062299,0.000469584924111661,0.135308417182282,3.68164933974329e-05,0.0404732905786891,0.00044169204798165,0.0537741664556259,1.06487917870263,1.06856060864507,1.07119791859764,1.22171332390438,1.08438687865982
0,1,0,4,-0.6,0.000147050166895245,0.0428379582067167,0.000156874864138669,0.0438064137274281,0.000294329020819947,0.154776500878217,0.000105064151068661,0.0402464302116704,0.000569811815055769,0.0580357594859431,1.04605462154821,1.04635677930961,1.04696138678254,1.17320113807013,1.06994335025172
0,1,0,4,-0.4,0.000186831011187877,0.0410577463680968,0.000212864309110922,0.0412421071674497,0.000408829305799141,0.136147540271467,0.000167165252056932,0.0391206659120867,0.000471019923924407,0.0560749177572386,1.05805522516142,1.06153746473291,1.06176944024613,1.20046491982565,1.08415675659784
0,1,0,4,-0.2,0.000440257974838837,0.0476365627680746,0.000322283422757046,0.0490072517151319,4.96206766497532e-05,0.148530962964734,0.000515150479949466,0.0446577894301034,0.000254096583617325,0.0641905863351422,1.06399000853726,1.06692236445346,1.06934381910381,1.19932509915807,1.08628122152737
0,1,0,4,0,9.89744013306827e-05,0.043884708079061,0.000113287576642119,0.0446593469772739,0.00035516229531096,0.125865601995866,0.000146258981586053,0.0420514876841987,0.000423584821771743,0.0575940677349479,1.08761105654966,1.09285024590918,1.0930236319656,1.21541243973754,1.11151988420868
0,1,0,4,0.2,0.000348033650034519,0.0458439832830406,0.000301868300735215,0.0464891485570968,0.00169620049670006,0.160300501731013,0.000185456340199724,0.0431799334270732,0.000599953182841033,0.058627189318391,1.06756323238435,1.07200550534426,1.07278345329697,1.23012505303275,1.08741972790569
0,1,0,4,0.4,1.50571478614371e-05,0.0439494219028587,2.01761209394497e-05,0.0442000687096201,0.000193581153421537,0.149053167349172,9.5635237278376e-06,0.040189373257814,0.000127167444768088,0.0583742893491485,1.07092118710607,1.07373574176943,1.07396629267727,1.22111411480734,1.08665199710653
0,1,0,4,0.6,5.24519163392592e-05,0.0465615632792618,2.15810048574288e-05,0.0490802593695383,0.000335354553490614,0.166357754048444,2.30176711785725e-05,0.0436706720925804,3.74860516072632e-05,0.0606495151258043,1.02939472717744,1.03349519449114,1.037571056288,1.21462215664984,1.05066829218461
0,1,0,4,0.8,1.5658713684936e-05,0.0469765640958263,1.23953987294656e-05,0.0471647709671655,0.000307334281021944,0.17310171122759,1.6083262171036e-05,0.0447830137560226,2.42784774266656e-05,0.0625066654267659,1.08503234335546,1.08867671968934,1.08836256647976,1.25989992952972,1.10326257452687
0,1,0,4,1,2.89204655768139e-05,0.0467809967201322,4.55572545976798e-05,0.0465442334047505,0.000141176953177677,0.143891247597424,3.58520006864452e-05,0.0444952185187066,0.00013628637026831,0.0573737922050614,1.04455140344676,1.04543495395783,1.04666335617584,1.18527198540847,1.05795914153551
0.1,1,0,4,-1,0.0120016359170799,0.0496901944596419,0.0120067243071843,0.0507098557157437,0.0096671807864949,0.165639675435258,0.0134099160865808,0.0472131606561122,0.00664026010890015,0.0617670549733801,1.10466602709818,1.10663285957226,1.10884553424694,1.25321272596325,1.1165789296038
0.1,1,0,4,-0.8,0.0066711989978447,0.0550130609748244,0.00383256767432191,0.0598394415288553,0.00108214162316229,0.146254939751938,0.0142099867644438,0.0596056974214222,0.00249277043623283,0.0589507473942032,1.10865173479379,1.09854070645614,1.10160074448552,1.23382796676712,1.10140689208916
0.1,1,0,4,-0.6,0.00748473013167295,0.0566581408899929,0.00328154859426457,0.0577895840748774,0.00177852800364951,0.171140417408821,0.0203571798919577,0.0728954606050393,0.00232650057980944,0.0650723952729505,1.10558754782919,1.0740081322319,1.07262519672551,1.23521887092418,1.07937537408445
0.1,1,0,4,-0.4,0.012249399128886,0.0591701187791286,0.00481368182392455,0.0582184084235256,0.000572462784306831,0.127899436400142,0.0411912348814625,0.0892360859348272,0.00523477424285488,0.0615819828812689,1.15106444121363,1.07965469533049,1.06871787688918,1.16906618724154,1.07868453711367
0.1,1,0,4,-0.2,0.0146215587857434,0.0696397866046136,0.00478296627976391,0.0649909023034878,0.00073398121078784,0.149484570963315,0.0558551081445986,0.109810092946431,0.00478420333661162,0.0681353429662016,1.20500746455302,1.10769079708994,1.08984783886505,1.18430388567329,1.0918974058764
0.1,1,0,4,0,0.0202790449469949,0.0724435444951729,0.00335824417990784,0.0691402487484907,1.80896911075263e-05,0.161947758518145,0.101531735743837,0.133642001571005,0.00755186685435978,0.069620804839919,1.24526312472074,1.09377380863131,1.07392400121803,1.21165240568947,1.07821881581578
0.1,1,0,4,0.2,0.0248293002025919,0.0754564228014433,0.00364928385559517,0.0634228365609705,0.000561808397503262,0.146036512295776,0.124980104479578,0.150267951573275,0.0110754311388088,0.0772975341820391,1.28896694041783,1.10641406112251,1.07485083945479,1.1816551708491,1.09885225058816
0.1,1,0,4,0.4,0.0355338015748371,0.0743827606018166,0.00507224355589694,0.0693201720061229,0.00173714017171829,0.144074686002217,0.196078312372537,0.165677584882716,0.0119427852331451,0.0723691648961415,1.39234070454208,1.12502680044498,1.09161204141633,1.19476079844512,1.10231984684056
0.1,1,0,4,0.6,0.0463507529213017,0.0702916553256057,0.00711214050109196,0.0622496978420351,0.00476078981107028,0.148455174814493,0.224341179593505,0.161267359894959,0.016929149759101,0.0679135609590037,1.45042481646638,1.14875783069677,1.09405229895464,1.20170371955139,1.11630299978223
0.1,1,0,4,0.8,0.0532033632732157,0.0739753077117347,0.00538225021907216,0.05966111740796,0.00232442318529714,0.150048222906558,0.309881612893676,0.186959159887967,0.0225270779132248,0.0787772918309433,1.57016443025445,1.16310853422883,1.08994551806023,1.21044970873747,1.13336444908694
0.1,1,0,4,1,0.0585090866518216,0.0861827175022223,0.00648019848498877,0.0695561747648822,0.000984039612615516,0.162677299340798,0.337386602585479,0.21025370520206,0.0239431304520357,0.0873477213732926,1.59010846551697,1.1622170315436,1.09155961786412,1.21982333635066,1.13284481448206
0.2,1,0,4,-1,0.0395609799706495,0.0491417544975978,0.0374885508280442,0.050847783888653,0.0259042610120513,0.139502688107759,0.0440185951754923,0.0460848688412827,0.0252135729807212,0.0582168407133848,1.0927318728962,1.09478688955146,1.09576279746441,1.21610121404721,1.09526521275654
0.2,1,0,4,-0.8,0.0276172044007658,0.0629183366217573,0.0206098023867072,0.0666050635418071,0.00597707121721439,0.177801093365581,0.0487877855162482,0.0655950288881985,0.0142676047827223,0.070661700080651,1.14200934840495,1.11182068992617,1.10726045143932,1.23659679464208,1.10646276959901
0.2,1,0,4,-0.6,0.0473899001955734,0.0844348014381327,0.0266582973314468,0.0834081049454591,0.00390156286044954,0.156435818263322,0.101320841339836,0.110056686547058,0.0225006892697595,0.0818462108083554,1.25079697039435,1.15652943433442,1.13313732980601,1.23372926666701,1.12854643757305
0.2,1,0,4,-0.4,0.0683703898496483,0.0945376080648685,0.0364110545417915,0.0980844169665191,0.00518260951218073,0.208613270682976,0.164788574181668,0.129248669162731,0.0320933498279139,0.0922880327763242,1.32701126544873,1.18963992731605,1.16517419319995,1.30559257105943,1.15935531300463
0.2,1,0,4,-0.2,0.0918549304453306,0.0934061146191384,0.0340353426245287,0.0834965651093818,0.00294626933487878,0.15899530823243,0.25595981754729,0.132953068036099,0.0495434861834008,0.0877567292794341,1.44840748599067,1.23062671479916,1.1666235178194,1.24805611981883,1.18994281785834
0.2,1,0,4,0,0.101064174762054,0.108126316804638,0.025364558670411,0.0982673310566624,0.0004668717113593,0.145242186735954,0.330896711812107,0.179349622105878,0.047518799771815,0.108092746066407,1.59426378451353,1.26169367651304,1.17047751776553,1.230177125943,1.20937009548507
0.2,1,0,4,0.2,0.1215577671828,0.122638281046972,0.0361242878879027,0.107124397504699,0.000159002050326408,0.203820498013861,0.367956513845887,0.205847302623032,0.0553168465539833,0.111074628959944,1.67909290138646,1.29944091101465,1.18122174531879,1.2596648793364,1.2269786930501
0.2,1,0,4,0.4,0.144045560413824,0.119860701610257,0.027010937571339,0.0999593494710625,0.000303387413294996,0.148480873533699,0.493796100474941,0.191450679436199,0.0679921630572327,0.117310367045101,1.76489077323545,1.30857515977435,1.16462629872543,1.21615766288024,1.23396667363679
0.2,1,0,4,0.6,0.194262617123428,0.11143901483957,0.0361163326077574,0.0913735468906419,0.00200592243169779,0.148350100682002,0.629400795977016,0.187895005248792,0.102579251086052,0.116116291537318,1.89154807938748,1.34640874590352,1.15677056824984,1.20393104044592,1.2734534531313
0.2,1,0,4,0.8,0.299438432156137,0.153744281043756,0.0462816240805657,0.112917122729634,0.00195677217407775,0.190640793895511,0.926492129213782,0.245385119355035,0.179998193492885,0.1542372335016,2.25610500786111,1.50859522041004,1.20634056055499,1.27445562795228,1.3986798555896
0.2,1,0,4,1,0.302251315872449,0.15798272045512,0.0457293011612995,0.117210429168965,0.00347228964497552,0.171514211093663,0.952228388133312,0.22209660275872,0.172575751119032,0.163485214891279,2.23726834165557,1.49134719250694,1.1860356747362,1.2148024752845,1.37499672804028
0.3,1,0,4,-1,0.0648303066893974,0.0461662787638958,0.0634914741628262,0.0478189956175662,0.0456622888085307,0.162187864840841,0.070803090764661,0.0439049482288351,0.0433175170794318,0.0574308868268211,1.13968695698286,1.13580420805788,1.13595868445731,1.28882904441344,1.12534831932947
0.3,1,0,4,-0.8,0.0644871408085622,0.0716406885536682,0.055215823182238,0.0727771132855376,0.0198253507304154,0.153981829621829,0.0896592291091663,0.0803474933034964,0.039215931426416,0.0714223890846064,1.23357141133032,1.1959488545123,1.18854595621176,1.26545506048869,1.17527245913263
0.3,1,0,4,-0.6,0.0985727324039684,0.0901745127476071,0.0685022444391897,0.0995906585040383,0.0105332377311376,0.181561975032706,0.179122392461878,0.10108444259153,0.0543209235782748,0.0940699257785607,1.30829561766531,1.20424228664448,1.18422147665808,1.25765862720337,1.17534845988702
0.3,1,0,4,-0.4,0.16879668089522,0.11635496154992,0.103595599946225,0.12715883602623,0.0104706521493387,0.175969291938299,0.32388886368227,0.130861473153716,0.0954390833173668,0.121199019873842,1.5308715722781,1.34645321618673,1.29579029180171,1.27991166635834,1.2865550115735
0.3,1,0,4,-0.2,0.256129551678317,0.122088920803299,0.142205854284224,0.133806526974614,0.00812563795378552,0.179444547583515,0.514860598602946,0.151076091922097,0.150804145806537,0.127681859368275,1.75741122741842,1.44134574301914,1.33424599232734,1.28186769504337,1.34695378753838
0.3,1,0,4,0,0.348674105863758,0.160873699260492,0.171694352202983,0.172545977903868,0.00349529915949638,0.17467054924943,0.700901668192212,0.185995075931632,0.199431046658116,0.167204100912746,1.98671498727806,1.58119373124137,1.41086420469148,1.24303994001974,1.44593781507668
0.3,1,0,4,0.2,0.40232342364812,0.163017988670807,0.155030024907089,0.175175944534945,0.00384052282269674,0.161613779504479,0.8500449583967,0.189997475051243,0.258493263082492,0.156597833957839,2.14866069984666,1.64508749687296,1.40950351095149,1.25041736116019,1.5072879607073
0.3,1,0,4,0.4,0.59225009403328,0.222821971565848,0.249815614856608,0.228996776508087,0.00505251007984257,0.175174712869451,1.12035068691506,0.233184992237501,0.382715960126953,0.216772058086327,2.46083773158093,1.89253430774782,1.54307283543862,1.25311644499418,1.68129697740502
0.3,1,0,4,0.6,0.720830057303963,0.205419272331647,0.246725289635636,0.210290070622264,0.0121707668359394,0.178981537370289,1.3571538867973,0.230557532741176,0.471647993164317,0.200937271685613,2.74888307667336,2.03486097827797,1.5392176749192,1.2727648195393,1.79511296476437
0.3,1,0,4,0.8,0.736462281127928,0.20518571074743,0.243756682460629,0.189725531575893,0.00738776134973001,0.17584540174262,1.4342254698072,0.219920002224918,0.483245288473674,0.20090684435891,2.72420029971328,1.97673355201729,1.46115760625586,1.24107777461417,1.73028188944592
0.3,1,0,4,1,1.02685170608519,0.262832285678775,0.288010377091154,0.244665872246152,0.0103777743094734,0.152747477930226,1.85483087648375,0.265225412159727,0.726854769207514,0.260928190734714,3.19681330352045,2.34883629421618,1.58893748221093,1.23212750588691,2.09317941821256
0.4,1,0,4,-1,0.0935537072352871,0.0439345222401467,0.0925476395651629,0.0463388203436063,0.0689398671756224,0.142608129555896,0.0965381017372138,0.0438602740908138,0.0741757789685605,0.0550162186625867,1.18897687316975,1.18766961110409,1.18956572998735,1.34139436330882,1.1811366246098
0.4,1,0,4,-0.8,0.101702768098705,0.0794343890269163,0.0885106554929491,0.0836641185320043,0.024346336667274,0.201042474417872,0.140414170422095,0.0840024858274154,0.0723495714639759,0.0903575175134033,1.24062481910881,1.20118534745125,1.19629060632328,1.32463548639912,1.18509272405898
0.4,1,0,4,-0.6,0.179912828139149,0.108622152690119,0.147143903121708,0.115554882247967,0.0215510133085621,0.24400710401578,0.280153788167343,0.121096152159044,0.118476514425434,0.113298758279441,1.47762494650963,1.34865516579632,1.32156161306793,1.36080654748065,1.29743001464196
0.4,1,0,4,-0.4,0.338922234016885,0.143074701184702,0.263012680740471,0.163259057742538,0.039299880678972,0.281230067914126,0.500183924278815,0.147797090890841,0.219033983308088,0.151255688056211,1.71222394224279,1.52632946938354,1.47009588922574,1.38774409668194,1.42096446895937
0.4,1,0,4,-0.2,0.468373056380307,0.138199187100002,0.326237852422626,0.155795508383257,0.0324624677162244,0.229119751709045,0.739937430789632,0.145795870791835,0.315894133212005,0.142732715458914,1.98565806731782,1.69087004192861,1.57322293254871,1.3654105490552,1.55259541545244
0.4,1,0,4,0,0.619304007778876,0.194020295520028,0.386963903626042,0.21700890410963,0.0279533655552061,0.244284149371886,0.996208754419091,0.200687838132157,0.43960158985363,0.219766776801389,2.2797999980138,1.88278071524791,1.67895640140695,1.36321085436645,1.745808819437
0.4,1,0,4,0.2,0.894518231593823,0.208857657769437,0.589555728150668,0.246094103498112,0.0353279587555006,0.220848093721364,1.34033446010467,0.209667803317413,0.656679720402228,0.235198373421578,2.56689773831907,2.1240549491627,1.86836370783736,1.30832237743011,1.92360872585296
0.4,1,0,4,0.4,1.05051370716093,0.22133578253935,0.696147817103408,0.268653507637027,0.0412273654120256,0.272996890796481,1.51161468760708,0.218783990410147,0.750203135115413,0.231791094948978,2.8970796203104,2.40234971553005,2.07281472472362,1.39980395792477,2.096780013267
0.4,1,0,4,0.6,1.34122301804287,0.26739475509077,0.805243449655416,0.358507878781703,0.0488409736529099,0.291571439489053,1.88799814361182,0.248430794783726,1.0094196748976,0.278686775271736,3.22172641115688,2.66646294760865,2.19229755953498,1.42944598088117,2.36198936140449
0.4,1,0,4,0.8,1.65902309938028,0.309516849582753,1.046763631431,0.39483940950662,0.0403620815771493,0.2909029140077,2.20255341219243,0.283536885590408,1.16471270964545,0.314629450769817,3.67915946692346,3.13901833771185,2.61394682132238,1.41971019318037,2.65591485695001
0.4,1,0,4,1,1.80075046576707,0.295445960212536,1.04724271697053,0.380192788309913,0.0624054331217408,0.334670648346415,2.38724897427159,0.278603617379877,1.35839538013551,0.300478843060686,3.85761346836017,3.27310121419328,2.57682790009043,1.50325122068115,2.84452429584475
0.5,1,0,4,-1,0.1206347618398,0.0463491949698613,0.118982302615005,0.0469251920636012,0.0943998737997865,0.16859368567667,0.123763812665014,0.0457574215363227,0.0983374329869446,0.0583424506001241,1.21807935048825,1.21760215606584,1.21628156271012,1.36138981396925,1.21309645256436
0.5,1,0,4,-0.8,0.165131602935802,0.0736086201284235,0.155878494417231,0.0791201506546625,0.0625144971175717,0.213104074774394,0.211880128332934,0.0760439551305637,0.117617700477214,0.0909721329930118,1.32278151490523,1.26936467288223,1.26565553851117,1.36256918822245,1.25068374837647
0.5,1,0,4,-0.6,0.327916647844522,0.129773406349775,0.297697855622802,0.139563285535694,0.0672051795895936,0.279731887146165,0.423610740428768,0.12687481474093,0.239871145272058,0.14230997890806,1.60799532717245,1.50871777100715,1.48913770669138,1.44785255953514,1.44481332780602
0.5,1,0,4,-0.4,0.514452556645145,0.134706098614654,0.431164872748948,0.154003373717175,0.0574974389942142,0.328193380187677,0.710701769810746,0.133851690424403,0.379057271814452,0.162415100695587,1.90557050187417,1.69639644299347,1.6382385012185,1.46335342761453,1.60040615784654
0.5,1,0,4,-0.2,0.849758774932378,0.167704440385793,0.711596004695041,0.199244671254889,0.102501261950521,0.307357408751129,1.12449047811544,0.156987241282049,0.674987847876547,0.195005292747705,2.38785520744983,2.10600981137457,1.99366114875896,1.52150210399196,1.97840574335594
0.5,1,0,4,0,1.07895091306796,0.196866707805077,0.923196287249247,0.232748987656818,0.17421137403568,0.45575058391427,1.36125549912362,0.184182319730793,0.84139888162656,0.223962176800686,2.59165103834815,2.31703425696419,2.20352167173096,1.75292211392321,2.12917087022937
0.5,1,0,4,0.2,1.45151055805279,0.225777984741581,1.23070980307362,0.258757299077678,0.197728955285706,0.465819326926319,1.80037469991806,0.213452421797236,1.15779943061978,0.272146307036008,3.12409741790638,2.77027799117541,2.58163822121581,1.77405143790437,2.52783572530199
0.5,1,0,4,0.4,1.63580932060218,0.244403584794962,1.30553048291473,0.32834084669764,0.166526047004241,0.422084016179213,2.04434554712479,0.21542964807132,1.24641472285539,0.266644313356102,3.40574309134982,3.01837705564468,2.77882671082712,1.75084501588403,2.66867424557418
0.5,1,0,4,0.6,2.04553434017587,0.246970172140223,1.68415506366037,0.321280775922873,0.220087970132023,0.515910466133951,2.45397919287323,0.224242720535829,1.68514011491186,0.30688276207006,3.73187934211905,3.3500250355831,3.08373789793067,1.88134668615516,3.07862263220123
0.5,1,0,4,0.8,2.42075937566229,0.318740125359136,1.97828595665573,0.420849070212102,0.249390988306778,0.674345388318433,2.83332666358388,0.275245036187767,1.93687966056268,0.357999283718301,4.26233085842987,3.8821612103947,3.55051394600007,2.05304114056274,3.4514863266283
0.5,1,0,4,1,2.65399527515604,0.298177049780017,2.25770547347285,0.370592369540657,0.329407507075708,0.650856716649755,3.08511483830979,0.280095693248684,2.1887907775091,0.345937288306937,4.50628132172303,4.08818375368736,3.76884565763573,2.12522707670965,3.6979704961238
0.6,1,0,4,-1,0.142825447379821,0.0438034942852635,0.141470654130282,0.0447670140566187,0.129751458104632,0.128484835756224,0.144963949883826,0.0410698590855117,0.126511896103109,0.0568893414098303,1.19104679355619,1.19207403556508,1.19235140138321,1.32225278753089,1.18965056796864
0.6,1,0,4,-0.8,0.240151673460794,0.0796449594814576,0.23161498392435,0.0833756971379996,0.133898486820875,0.272501150573628,0.270057595532664,0.0821626087782316,0.193213616512278,0.0973214185197571,1.41497897194642,1.37763606184485,1.37185661046334,1.51130885828154,1.34941237319959
0.6,1,0,4,-0.6,0.478493880923324,0.121834860039187,0.450582194530004,0.128772641863549,0.205480028756205,0.334639620194149,0.568694102022082,0.119130183151579,0.390659622688676,0.139809762219135,1.78418297726865,1.69093883638378,1.67327150710502,1.67388838214081,1.63339262127676
0.6,1,0,4,-0.4,0.846115393680691,0.138514585712354,0.785202814180824,0.151071797964127,0.251408616714866,0.366213737963893,1.00959958032778,0.133437618798619,0.699438136278052,0.1535313692142,2.22775652597156,2.06975151621995,2.02645567136859,1.78134029676275,1.95429105000771
0.6,1,0,4,-0.2,1.1428023641382,0.193043639830985,1.0702612596491,0.213238512958367,0.37394303496048,0.553001238831832,1.32488987023274,0.177734389405624,0.949430662414072,0.227973475799712,2.63228724126875,2.46178494116965,2.41183095562491,2.14898673177354,2.32157623422625
0.6,1,0,4,0,1.46129844816323,0.203097312125833,1.34939828593916,0.229923368448898,0.356802132227138,0.574348354048398,1.69413129579609,0.189372880280378,1.25446194460993,0.231772981326009,3.00325724460013,2.7777047050149,2.69350187529733,2.15598837153901,2.63511033694101
0.6,1,0,4,0.2,1.91557079582858,0.24762601954922,1.76001504755673,0.285656065900172,0.543568617083714,0.686184785392332,2.19168409964949,0.221109997751666,1.59515095182272,0.283697235547628,3.52078545709136,3.26949434187947,3.15470574200613,2.40436663025954,3.03235515773583
0.6,1,0,4,0.4,2.35567883131183,0.241473170934702,2.22606044271259,0.266420722173517,0.650761085736938,0.761038185182411,2.61337740503604,0.221013976216941,1.99407335329113,0.281558074212281,3.90246722651096,3.67850870341481,3.5859753965226,2.59589094974338,3.37626694165748
0.6,1,0,4,0.6,2.81748477049214,0.243760916793344,2.68740730673321,0.276546959232946,0.902605501868205,0.944839066812498,3.09872671814267,0.218355064320332,2.46655583155507,0.303357324285892,4.47201106319304,4.21871141988526,4.12951698941746,3.08943787176266,3.92135908204932
0.6,1,0,4,0.8,3.24099645950599,0.263383379277374,3.04157020080854,0.315945621909377,1.13732764940817,0.948492069173432,3.5257786709322,0.249153305780419,2.70844524866916,0.334083120714981,5.00093086512718,4.74391500182402,4.59659389297566,3.36811240368917,4.30833664483505
0.6,1,0,4,1,3.43815843759198,0.27346677465503,3.223242649961,0.338096996118428,1.0081066672212,1.03086644026851,3.71556207593947,0.257369183421413,2.95308388407029,0.333256158987139,5.19160181517028,4.92600290507387,4.77912004052618,3.31278380202101,4.51916069471736
0,1,0,4,-1,6.96229285265467e-05,0.0241743037360689,6.00379432596218e-05,0.0242719992317583,0.000564134216836565,0.0677444069845581,4.21066410125481e-05,0.0238309440724233,0.00010813989954739,0.0281809312554875,1.03973265994253,1.04076654051763,1.04120843258242,1.10685047310541,1.04844756593588
0,1,0,4,-0.8,0.000136144393851565,0.0216403559946707,0.000164115224628131,0.0238091951265867,0.00101857015297043,0.0745271499894867,9.9988654286866e-05,0.0201208716612241,0.000237679777332321,0.0283469829029385,1.04604132806796,1.04753597981593,1.05058752959431,1.12428082976394,1.05428782612998
0,1,0,4,-0.6,7.51526043235154e-05,0.0217149789551897,8.20359866462847e-05,0.0219654684462727,0.000617127175640293,0.0833074663042346,2.14316825416546e-05,0.0201160361795551,0.000165845173451321,0.028546550638858,1.04042772454214,1.04367048663374,1.0443785496407,1.13263467835246,1.05193520589807
0,1,0,4,-0.4,2.47567180820665e-05,0.021422651455125,3.56497085731475e-05,0.021671941636076,0.000557224345683048,0.0741544654347546,1.75057963777611e-05,0.0205610166409535,0.00012837233160686,0.0275695424833337,1.01236050483738,1.01378226714388,1.01449892545401,1.0928591906982,1.02112518213737
0,1,0,4,-0.2,0.000183616160293916,0.0225749702712167,0.00015912330739277,0.0230086146821893,0.000419062889679462,0.0766946233823199,0.000165467501498551,0.0215098376529901,0.000200783907127625,0.0272550581060892,1.05725530682136,1.05824083206409,1.05860283808817,1.14523726165977,1.06410065651392
0,1,0,4,0,1.40652280867691e-05,0.0227980110932525,1.58837220299058e-05,0.023184609851456,0.000564519649981289,0.0735948336883017,1.89187473271628e-05,0.0215981651948339,6.43109879009351e-06,0.0277862921282753,1.04091400123951,1.04332762620377,1.0440794729033,1.12646618263613,1.05100872795653
0,1,0,4,0.2,7.7576908414083e-05,0.0231815860441834,7.48358420211214e-05,0.0235724885835062,0.000151724736964817,0.0717529900042102,9.89275427565641e-05,0.0223258940974332,9.95911985481266e-05,0.0306213595048994,1.02486264284047,1.02679365243575,1.02791507288425,1.09746592458703,1.03731439971225
0,1,0,4,0.4,5.96850048413597e-05,0.0253731262844391,6.5347667766781e-05,0.0266024140073333,0.000426577474914793,0.0939681734662273,7.96912079949523e-05,0.0240905946501258,8.57076366416639e-05,0.0316511976835656,1.03691086296523,1.03900810894008,1.04116684753796,1.12971304318176,1.04800629687739
0,1,0,4,0.6,0.000209164480974121,0.0227202892811302,0.000210684772844205,0.022446480116563,0.00053667122483307,0.0737718138639091,0.000173778450991236,0.0214694581870666,0.000174638311584573,0.0307514944912567,1.02229052855024,1.0236797145586,1.0232889846044,1.09736562813623,1.03374465961184
0,1,0,4,0.8,4.20323755325373e-05,0.0227795807318956,5.70827708987633e-05,0.0231786767333413,2.74991259700384e-05,0.07460335648474,6.34886770718119e-05,0.0218006609608101,2.58258351020171e-05,0.0294026116818011,1.02424956763098,1.02525699425693,1.02608763471882,1.09877658850753,1.03507867996862
0,1,0,4,1,0.00010797700250242,0.0198467746468467,0.000147146439182666,0.0210057789336082,0.000262168292380654,0.0734424882782225,0.000114320850527588,0.0193622268250272,0.000174527378476084,0.0252474672637874,1.04068387106387,1.04202311703483,1.04412981744449,1.12365334184105,1.04938741146937
0.1,1,0,4,-1,0.0115187959799834,0.0205760854243231,0.0110195720911688,0.0208967440047645,0.00393181850733881,0.0873038316089471,0.0138140941496342,0.0205996322281543,0.00703560155393237,0.0236886517925717,1.04072700165493,1.03951251578668,1.03962075552921,1.12476755264792,1.03613160063305
0.1,1,0,4,-0.8,0.0107354363294856,0.0273604501781612,0.00782323727317494,0.0279197979811678,0.00171960514028143,0.080286334359325,0.0208478617623258,0.0313745466928476,0.00543840342124624,0.0294542917557203,1.08496618734906,1.06976441960023,1.06774435004873,1.13347711237636,1.06938413702117
0.1,1,0,4,-0.6,0.00904745469614017,0.0272969820072282,0.00416109843254296,0.0282044276235767,0.000500782294915322,0.0781924964145873,0.0257920283010985,0.0364728393157893,0.00368938157836693,0.0303478469529938,1.08680293832637,1.05805707809321,1.05465082702471,1.12438174118856,1.05777587931419
0.1,1,0,4,-0.4,0.0106262307244325,0.0296525360996914,0.00287899272751275,0.0287499172064139,0.000364190290069087,0.0671092667317864,0.0447239709016084,0.0479687800670308,0.00459061876469614,0.0284860316815448,1.12022221740352,1.06315951933401,1.05448840869708,1.11465194667716,1.05611663558662
0.1,1,0,4,-0.2,0.0156106514995889,0.0323527049787216,0.00386389658462535,0.0330668104898515,0.000436887281459784,0.0869838156890607,0.0719178204312489,0.052771263336626,0.00545701959694942,0.0312202398606348,1.15490873838962,1.07286891526044,1.06147746886241,1.13576544587957,1.06020030925456
0.1,1,0,4,0,0.0199946774642694,0.0362534176547176,0.00408815369101326,0.03575474788858,0.000420211561740371,0.0770728775128262,0.100824664022002,0.0665939194132644,0.00805370454726838,0.0372178018017909,1.17944371636183,1.06951897720314,1.05690636983558,1.11732993571705,1.06261148123679
0.1,1,0,4,0.2,0.0241437729787522,0.0295664842145667,0.00403428515484499,0.0291763244760001,0.000685395198055254,0.0716605846683705,0.13246380113238,0.0585234763729421,0.00968254935961706,0.031774070085938,1.21625085886933,1.06844890884939,1.04754605061781,1.10878812661074,1.05739432013218
0.1,1,0,4,0.4,0.0293677376719085,0.0307212473388509,0.00302272329231676,0.0278755090329932,0.000337472406901467,0.0699292971739298,0.187068160576135,0.0769604356597562,0.0105045625960453,0.0324258856357565,1.27625751858565,1.06701864085967,1.03730719918447,1.10082161050929,1.05084619137787
0.1,1,0,4,0.6,0.0390780905487175,0.040056703786139,0.00346719753932709,0.0324459538350967,0.000664597046174507,0.0777955332683199,0.261878909462139,0.101027840479956,0.0153794060535612,0.0374247823838138,1.39083002974992,1.09425346126012,1.05063524079685,1.1238287231668,1.06935084098688
0.1,1,0,4,0.8,0.0392193002083368,0.0362015007312346,0.00434811881029593,0.0334673043962557,0.00100590142660253,0.0721040361845836,0.260054465040471,0.0898592315180557,0.0172178438523565,0.038005398792596,1.38412196824128,1.09383625682852,1.05513642532986,1.110179622648,1.07564042296785
0.1,1,0,4,1,0.0420973382583202,0.0375167102805042,0.00267761689227874,0.0303012313054801,0.000581793033253031,0.0758088717903424,0.319166889520963,0.101135679829949,0.0154023779345187,0.0374904213951606,1.45012428290723,1.09578827870659,1.0468498874374,1.10556476649395,1.07036332736135
0.2,1,0,4,-1,0.0379187345675556,0.0216446735019075,0.0364974834418449,0.0252977253276379,0.0241061320957175,0.0775487191087807,0.0426779311400623,0.0207455980482703,0.02386021589274,0.027305639122281,1.05982297109672,1.05583666148132,1.05879090710214,1.11667189315711,1.04978858590985
0.2,1,0,4,-0.8,0.0306324251130427,0.0296405280037463,0.0234777739286125,0.0309667287421282,0.00168092088311736,0.0841232707238358,0.0550397013769884,0.0335783983275393,0.0154397966761899,0.0343080154962116,1.09022340642555,1.06230723667457,1.0572125635578,1.11391909651002,1.05362118596632
0.2,1,0,4,-0.6,0.0359745936760261,0.0370341771660459,0.0201309400911544,0.0373085969849189,0.00319384901201501,0.0836658598911682,0.0863353631132684,0.0502934083341218,0.0165480364247404,0.0389180871946745,1.15847620216239,1.08686360927292,1.0695811105378,1.11866218945586,1.0691984405691
0.2,1,0,4,-0.4,0.0602055155191904,0.0386592623444141,0.0274543708108765,0.0375478840499775,0.00255512005327947,0.0677384007104705,0.165978575819896,0.0614553421404591,0.0284619542878554,0.0367597009245187,1.24711026307349,1.11204539661808,1.07815664483973,1.09753175487967,1.07880421084601
0.2,1,0,4,-0.2,0.0869499332388249,0.0501668673631391,0.030546848725338,0.0501381255310588,0.00278441542696026,0.0844916944638941,0.271310021684252,0.080152015056373,0.0461257767074131,0.0508029985266503,1.38144663442241,1.15558157630402,1.10002783036591,1.12689176597525,1.11723863041658
0.2,1,0,4,0,0.10046548761721,0.0477102627360044,0.0291332336695525,0.0418060392059132,0.0016127358999347,0.0687172711990615,0.336916802736133,0.0929697017114454,0.0523715975378701,0.0461684826568653,1.46726008788241,1.17550913887436,1.09580190930727,1.11560863889713,1.12566797326981
0.2,1,0,4,0.2,0.135997077074827,0.0492643746784528,0.0319364539160009,0.0428509240334193,0.00219114171339828,0.0664034350358787,0.469132469778112,0.088489779744158,0.0730104985977703,0.0494817766061353,1.60115412611996,1.2155728262149,1.10403510742314,1.10927334215496,1.15711025950969
0.2,1,0,4,0.4,0.152089311803991,0.0552581883309032,0.0300516496151917,0.0515437493784178,0.00141277625117357,0.0684224537473708,0.564974326636858,0.10168804950976,0.0787841313327277,0.060777214629455,1.71118039641177,1.22997830796677,1.09726248373743,1.10708911745943,1.16833333247936
0.2,1,0,4,0.6,0.173744580761022,0.0540511911884537,0.0300943688827038,0.044094592000045,0.000724701754381221,0.0674294074629341,0.656375614682142,0.100545971069952,0.0941996169462498,0.0546989724715797,1.80355571035851,1.25762806059063,1.10400686441158,1.10777824888091,1.18037378661722
0.2,1,0,4,0.8,0.249663549005273,0.067491641033446,0.0334715168193896,0.045412753444963,0.00131270030425667,0.0677593650263369,0.883284495392683,0.111250007594982,0.150164647616555,0.0715130039359355,2.04255931116883,1.34912050599019,1.10685638316485,1.11164802908541,1.25690490622125
0.2,1,0,4,1,0.261610866842919,0.0817872535989356,0.0305102313762759,0.0480153664799788,0.000153990186649993,0.0703580861378747,0.956729176649413,0.131166174768824,0.164549760139892,0.0822212668337527,2.12805086359736,1.36351220607639,1.09716962763539,1.10643502675734,1.27362725849165
0.3,1,0,4,-1,0.0654131997773989,0.0240784683732424,0.0642523968954401,0.0246210589196798,0.0431581682800642,0.0817273354445342,0.0696721715480862,0.0221496448736451,0.0474626096540519,0.0306245895570135,1.0900656324016,1.08870754614915,1.08786837574275,1.14972846513037,1.07829186710473
0.3,1,0,4,-0.8,0.0525358209132415,0.0383648580828533,0.0427783436232188,0.0395141492833568,0.00752898259071403,0.0886894726238186,0.0859502893375707,0.0425273061933972,0.0324276328672496,0.041008942535104,1.13397326163678,1.1016057858466,1.09673503115457,1.13763569945666,1.08961112251697
0.3,1,0,4,-0.6,0.111204570366352,0.0426243899319226,0.0804201119342278,0.0434942878536361,0.00915930207680083,0.0959377144457111,0.200743009071436,0.05111243468073,0.0690895834807586,0.0465052000013873,1.28181168174439,1.18375040566386,1.1550756504668,1.14970352072529,1.14891469944554
0.3,1,0,4,-0.4,0.146544376029465,0.0553595530162604,0.0883588683364383,0.0582287230194605,0.0058155396665386,0.0978760849559552,0.30851852996061,0.0726256926996945,0.0866403664669805,0.0584577038810276,1.42134858585099,1.22912547516244,1.17189547141219,1.14539454775555,1.17157512112947
0.3,1,0,4,-0.2,0.223063096964862,0.0748059672413844,0.11409484834474,0.0730740120266471,0.00258819950041577,0.0828669283325228,0.477871253301905,0.0913120741939309,0.136473666700471,0.0692189491276813,1.60748434933456,1.32474978972787,1.21089675392128,1.11550729175982,1.23397320016657
0.3,1,0,4,0,0.296285926335713,0.0762742611658393,0.128761037143151,0.0765670006705173,0.00264239313150377,0.0894132566701976,0.670372636791048,0.0997059705628,0.190396341055795,0.0730068526505976,1.80276669103594,1.39613602887313,1.22932833945295,1.12861941153127,1.29563255037679
0.3,1,0,4,0.2,0.373252057653515,0.08433909455246,0.144297475196936,0.0796220524211087,0.00281873912037226,0.0794970775838975,0.850336003725093,0.0957901736636039,0.247953325488632,0.0779804360702743,1.98854091845812,1.48468910519156,1.2435935114945,1.11031791088422,1.35486223278392
0.3,1,0,4,0.4,0.497699891537433,0.0979191923638326,0.168712566978199,0.0988934412879579,0.00251177973292381,0.072851474796533,1.06060387868651,0.114784618396823,0.347913662014734,0.101419896932119,2.23291801484539,1.63625484499596,1.30088549092289,1.10962696694595,1.49098599762435
0.3,1,0,4,0.6,0.602948896336437,0.10164381996025,0.192120755602062,0.0956443330290067,0.00391274198336345,0.0743070466747682,1.2638342084605,0.111476011803442,0.425640349193127,0.0982250087686624,2.40992566296112,1.7271211375675,1.31444056670792,1.12194957203132,1.55645964359862
0.3,1,0,4,0.8,0.798014323397602,0.116170715948962,0.219543835014525,0.104896219560022,0.00486658844693147,0.0710264213150766,1.57260801268477,0.119655235988813,0.576447762192519,0.115264458915372,2.7331799420136,1.94764351817895,1.35015765937262,1.10447940716083,1.72867754660565
0.3,1,0,4,1,0.874122578645801,0.145885355514603,0.229558489912709,0.110803423377944,0.00503333410284703,0.0770366787913772,1.69296259284992,0.146267112925569,0.635010569062546,0.142039901014138,2.86293900908556,2.03517730323199,1.35454460698143,1.09296125634424,1.79901902798582
0.4,1,0,4,-1,0.0959202627624242,0.0208600970794202,0.0949457474471815,0.0211203280876595,0.0755777085929158,0.0783823653820542,0.101364796042613,0.0199603121073267,0.0765974267917804,0.0276557158744413,1.138630174807,1.13442046896616,1.13446471663739,1.19550128815498,1.12328109970058
0.4,1,0,4,-0.8,0.117313244574924,0.0385364663902258,0.108830773454328,0.0412018842722158,0.0313224572369634,0.0995421846716135,0.153662350677747,0.0423614203285297,0.0817254896575837,0.0436934312218117,1.22029910080098,1.17787338964353,1.17209616601281,1.17564350835941,1.14657786231531
0.4,1,0,4,-0.6,0.186013505236571,0.0510400372211533,0.153106801560836,0.0553645954880476,0.0176469169472721,0.108862107165816,0.291301019777847,0.057006654726694,0.127793380982337,0.0552425669619424,1.38074341449956,1.26596780021129,1.23787119193878,1.18115693344989,1.21840933684626
0.4,1,0,4,-0.4,0.321371255859108,0.0695157724935417,0.240303756231999,0.0745602604387548,0.0225488076276641,0.114710134712444,0.525241667593726,0.0757874695141141,0.230393719572779,0.0719709645413468,1.63557813070869,1.42042963791782,1.34567452269214,1.18856386489302,1.33846514157144
0.4,1,0,4,-0.2,0.492771711891197,0.0860565477609561,0.327066738085217,0.0935373896672529,0.0221187749772811,0.100747195417081,0.810033678268564,0.091658582302636,0.354170678160499,0.0876991308850712,1.95259794351359,1.61936866385985,1.45924157372967,1.16105067861562,1.49174674714308
0.4,1,0,4,0,0.658306857581742,0.0971983983956081,0.430119179601179,0.114480408054177,0.0140603282726123,0.107774729672384,1.04731225700592,0.0956039372308844,0.475180489087071,0.0972134255219866,2.1908678332702,1.79113233399423,1.57796978233845,1.15132574410861,1.60866993949635
0.4,1,0,4,0.2,0.824937697770978,0.0945180036011424,0.496640705587374,0.12104267834885,0.0200181617555393,0.112092655776912,1.30395581091998,0.0900791350641447,0.589933243388015,0.0913425548335475,2.41070464413472,1.92591596993093,1.62063394588723,1.14753009075842,1.69328583452041
0.4,1,0,4,0.4,1.04313485832977,0.108241749918607,0.606096961659317,0.122936080147883,0.0162702413161647,0.0899786555724664,1.58949567085099,0.109992721291253,0.763425828914876,0.106645798516909,2.74062474293413,2.18831202571504,1.77322425513258,1.13953378469053,1.91578997992807
0.4,1,0,4,0.6,1.24707554086271,0.138611444442006,0.721091167400631,0.177720318717006,0.0189917716802822,0.0948151086433444,1.83198909513466,0.125794605918051,0.924797053120597,0.143863455861696,3.0402676087761,2.45386545648722,1.9645354440046,1.15129904349435,2.14222064140105
0.4,1,0,4,0.8,1.59422848158569,0.125084646691391,0.899584826239655,0.171297828199376,0.0141846863857366,0.0873088663727225,2.2440423856722,0.113488680339568,1.23590934449567,0.129050248170111,3.43324993533647,2.78249910346928,2.11818479952206,1.13023824483567,2.43530847397213
0.4,1,0,4,1,1.78298857867688,0.135211012295935,0.933101864177142,0.195801988426259,0.0159724231100965,0.0790620638754509,2.4730990001035,0.123039435146144,1.38934116182423,0.140683527996996,3.62056892755888,2.93778719450617,2.15117409109297,1.11089442524359,2.56021585746204
0.5,1,0,4,-1,0.122943371045585,0.0227594614231043,0.123377384493967,0.0241787096055585,0.101558846768807,0.0782678379994273,0.125731828578183,0.021397609547249,0.103686377901824,0.0263787451274677,1.17274336844718,1.17120726317892,1.17441527108346,1.24263889029348,1.15798879122619
0.5,1,0,4,-0.8,0.17416701482692,0.0381118701974427,0.164250338803711,0.0402574431298875,0.0613670125771618,0.10888761139498,0.21760773772218,0.0395453113072981,0.134437804496562,0.0405042257711281,1.27424530787022,1.23122842914976,1.22292240513765,1.23071347035642,1.19640413151658
0.5,1,0,4,-0.6,0.329121701432603,0.0492644548518307,0.297619678030253,0.0529802657017581,0.0520136426369597,0.12678586939426,0.440538936318138,0.0493577844216885,0.246772128737383,0.0586836073858753,1.51300908901085,1.40094175579507,1.37458166237063,1.22699171299636,1.33168006294316
0.5,1,0,4,-0.4,0.54953344250263,0.0863416377326625,0.473067513773667,0.0974777172661133,0.0468289917409036,0.16403299461794,0.758826111104023,0.0810569694876072,0.423808474582094,0.0905873448758172,1.90959345241957,1.69373466480089,1.62710636428055,1.27259183388253,1.5769714078811
0.5,1,0,4,-0.2,0.800184469839015,0.0880371239269455,0.683182187541245,0.0987038956049946,0.0711231623466205,0.151185857426972,1.05924182230897,0.083408121260344,0.63145884298353,0.0972804331596372,2.18367282910408,1.92933077625359,1.82758266216569,1.28945925579545,1.78158641720687
0.5,1,0,4,0,1.13011880439273,0.098207207401115,0.949749298981913,0.119308448887161,0.0847790103841631,0.180841411123421,1.45893394465466,0.0897244308261373,0.935686702942084,0.108725945844646,2.62102793226355,2.29293465416203,2.13215145018118,1.32891296771343,2.11489955820783
0.5,1,0,4,0.2,1.34250222422843,0.118242568999542,1.12327152961787,0.140598243008634,0.0711942945747929,0.180261974281734,1.73423557407933,0.107038236875214,1.0471717547642,0.129148644365281,2.91027979690942,2.52018514619517,2.3209335635118,1.27292420831431,2.23193002785644
0.5,1,0,4,0.4,1.69890062993787,0.11548615683509,1.42634873421603,0.142601196279928,0.0953646684139366,0.204263888122104,2.10792793449791,0.107174585784881,1.35520550685313,0.119125440557208,3.32860431841145,2.91011503914296,2.65273060192625,1.34814056131849,2.5625681622482
0.5,1,0,4,0.6,2.01575114814049,0.131959125996653,1.68572560545561,0.161007803418589,0.0889708129009931,0.219024982181994,2.44849191398278,0.116834598583849,1.68150248321951,0.144465548535899,3.55361723107836,3.14275226606095,2.84927629753987,1.35200035850509,2.84049718433576
0.5,1,0,4,0.8,2.34084685072188,0.135165991124269,1.95975700242323,0.178767830890026,0.0933725536962911,0.197092388665378,2.80543719980616,0.123473767479477,1.9509070127826,0.144601945649725,3.98025714375062,3.52752474042519,3.18762129051075,1.32466334000756,3.15609492779002
0.5,1,0,4,1,2.67666294897834,0.146988397847251,2.2370950775348,0.198625929327857,0.080868597885929,0.185824128333877,3.11345115091943,0.14194040594785,2.23485743126605,0.173244286379013,4.33016744308706,3.8950084889677,3.50505949790912,1.30999114083834,3.48581867563474
0.6,1,0,4,-1,0.147407584168776,0.022722536598365,0.147285962024482,0.0229541343161851,0.136671144602803,0.0766081483175347,0.147882782964584,0.021264547984407,0.132185672460847,0.0299772395127934,1.19036789242142,1.19186758572465,1.19202141928938,1.26012357851437,1.18648713088037
0.6,1,0,4,-0.8,0.240858247559671,0.0439463841323016,0.233980634881242,0.046598872678708,0.100933824290355,0.130896161149512,0.276585316185988,0.0440806810918938,0.202755270370501,0.0564464893612979,1.33755487752744,1.29986378914416,1.29541241286296,1.28124745994863,1.2775835339831
0.6,1,0,4,-0.6,0.475086372434018,0.0653111869849484,0.439004557608969,0.0768577620692894,0.139169574724686,0.191731728571559,0.578616340492684,0.061341114419853,0.394154495574566,0.0763722553128958,1.67228036656982,1.56883739369482,1.54202497247075,1.39925638427926,1.50785374397873
0.6,1,0,4,-0.4,0.815680638466775,0.0740594136532496,0.761479338661976,0.0796042023731142,0.190648674315725,0.213328412212195,0.981120676103331,0.0716477460254686,0.687524376303618,0.0901830930195628,2.11203158011014,1.94746477132346,1.89804929464381,1.49384058920093,1.84325927072521
0.6,1,0,4,-0.2,1.1558293139671,0.0798250714807607,1.06604030038722,0.0925461966182521,0.236270952677941,0.258415537300785,1.37988726041514,0.0714830026314778,0.955861947484299,0.103825296177862,2.5257226046357,2.30544495719807,2.22627549108195,1.58956576319692,2.14122899317071
0.6,1,0,4,0,1.50529184261254,0.104163419305374,1.38841707078529,0.117747619697864,0.225315501744765,0.288700674490897,1.75659658799389,0.0931978009884159,1.26917672802074,0.113334049446225,2.89778771060052,2.65573078042361,2.55169328912895,1.58641338115937,2.42613695208794
0.6,1,0,4,0.2,1.97262844246111,0.123302693112717,1.86850732118548,0.136721403092748,0.361903671353273,0.360601495803512,2.22545313949491,0.108248532917264,1.72181008349559,0.141337654587091,3.42611856527764,3.18335814207765,3.09249369144693,1.82066624238769,2.9575543718138
0.6,1,0,4,0.4,2.30713414899691,0.117428216047703,2.15210346357472,0.13695158377868,0.439341295262986,0.380802416333369,2.59944542644925,0.104149547057374,1.97917168628672,0.133858813660724,3.76529891656186,3.48216511048558,3.34970202671213,1.92155651339846,3.18346474365741
0.6,1,0,4,0.6,2.7327038374248,0.124219655434907,2.59453381363721,0.140269686195739,0.534684128091786,0.462460956085338,3.00639066215022,0.116101723637364,2.41961187560394,0.146890785038455,4.20998761493609,3.94240962013367,3.81884491749439,2.09571190290489,3.65704579290013
0.6,1,0,4,0.8,3.0025890702096,0.115201011773512,2.85526158082722,0.136932969419759,0.651081897864141,0.508853258132862,3.30253465333584,0.102826325311547,2.65048514986793,0.142427405216835,4.42497537856389,4.13919855550856,4.01618850027083,2.25904063461077,3.82942069365791
0.6,1,0,4,1,3.36608822629761,0.128110591300327,3.17022567553652,0.15476322541157,0.741439162417342,0.586802830753772,3.67695778276448,0.117988846712464,3.00277860324415,0.166934283841677,4.88567779462074,4.57699507733338,4.41072391701567,2.44446952231142,4.26792197494031
0,1,0,4,-1,1.13604787192967e-05,0.0102532952278437,8.94775855431786e-06,0.010564678706263,9.0717885917966e-05,0.0329002917386251,1.94266230030544e-05,0.00998342788376311,1.10440381083448e-05,0.013825689994415,1.01559693587534,1.01618239406194,1.01645297198671,1.05284583060594,1.02085012885274
0,1,0,4,-0.8,7.17139828483501e-05,0.0105279013884173,7.00652405133872e-05,0.0106372544282218,0.000167975825099703,0.0335296584531536,8.87917218400903e-05,0.0101561627638625,4.43676423878141e-05,0.012176322291759,1.0137925087826,1.01483099372812,1.01500776492572,1.05429142745207,1.01705689774002
0,1,0,4,-0.6,2.45701175296034e-05,0.0109311198542768,2.46826196322074e-05,0.0109668128544833,5.30529736999335e-05,0.0349526701350984,2.40252256013022e-05,0.0101723546399759,1.55259562839671e-05,0.0139132097994029,1.01455988610713,1.01594317188905,1.01611136877014,1.05022535082187,1.01897216223339
0,1,0,4,-0.4,1.15391208322401e-05,0.0105594007785741,1.00570847750464e-05,0.01056588893392,0.000130526645557789,0.0372197444258534,7.06899471815404e-06,0.0100924196157108,1.56888519490747e-05,0.0133045663993981,0.996604532375664,0.99725934401134,0.99728157654328,1.04016273724341,1.00060030616015
0,1,0,4,-0.2,7.1327402185503e-05,0.0104439414009073,6.65393143302294e-05,0.010674993385997,0.000144820139435752,0.0361539133205678,4.84992994660485e-05,0.0100413240546694,5.95004169203112e-05,0.013125753581544,1.00068031911941,1.00186634530335,1.00237643159045,1.04121462771357,1.00574639009608
0,1,0,4,0,7.45830453792056e-06,0.0101148460911892,9.15211223617954e-06,0.0101267451202869,0.000303680312311226,0.0338501401578288,4.43154357597524e-06,0.00934972233010873,3.41403509388907e-06,0.0132225274797596,1.01701090418342,1.01764098115232,1.01755667983547,1.05095298400665,1.02091046811019
0,1,0,4,0.2,6.10429333047192e-06,0.0106725488115531,4.56971251520025e-06,0.0107700763643504,2.4950969122173e-05,0.0390711558569701,1.94345893168518e-06,0.00988777561138986,1.91901059377545e-05,0.0137299930734575,1.00662493578346,1.00742195654981,1.00754972786112,1.04624125143157,1.01042278603972
0,1,0,4,0.4,6.07164983512138e-05,0.0104341004238806,6.87153199612595e-05,0.0104976034460885,0.000692653284177018,0.0318951827874936,5.03070934036816e-05,0.0100292257841592,2.92623353449602e-05,0.012368504673681,1.01384324599942,1.01423365487147,1.01442177423257,1.04906664035689,1.01607966840245
0,1,0,4,0.6,1.82789303462977e-05,0.0119966166005233,2.38262290208541e-05,0.0123363908229609,6.11970971809063e-05,0.0404545031680029,1.26303078707166e-05,0.0108602995744146,9.65046482717014e-06,0.0150214666952223,1.00167012094144,1.00308620646894,1.00395265788953,1.04323378579926,1.00711232056517
0,1,0,4,0.8,3.43418526710314e-06,0.010591666435463,3.75618960020708e-06,0.0107286017501801,0.000104741296318256,0.0340108812748695,3.62971439222287e-06,0.0103300924992623,1.20318986097433e-05,0.0127014586067293,1.01949209597892,1.02032179815008,1.02059534154233,1.05950310737864,1.02421758321915
0,1,0,4,1,3.75336222066851e-05,0.0104416831924021,4.34130549029944e-05,0.0103944862097567,5.11911568275133e-05,0.0340796776755313,5.87687801880341e-05,0.00985947100623744,4.77147928101605e-05,0.0133475369092638,1.02862627211771,1.02939029210531,1.02923682947093,1.0649633498868,1.03278858066728
0.1,1,0,4,-1,0.0093720439315201,0.0123268688119186,0.00902902550783539,0.0130439389825536,0.00387411147411987,0.0436679170836927,0.0120433581093197,0.0118460394145497,0.00483270785216262,0.0141070551663929,1.0296081077934,1.02779744443381,1.02861289841369,1.06340751400048,1.02637485180364
0.1,1,0,4,-0.8,0.0069191044929337,0.0127308948383733,0.00482492988251761,0.0127436252038673,0.000644212318236465,0.0397386913062761,0.0144715545149558,0.0145746243374633,0.00309992656825115,0.0140160796291905,1.03564496988392,1.02641246708406,1.02442302466255,1.05827719310668,1.02500571668521
0.1,1,0,4,-0.6,0.00811328775379269,0.0131915522555934,0.00344139382560904,0.0134292650406851,0.000412031139064509,0.0386939238205371,0.0274941675838142,0.0170783109435434,0.00343438889024875,0.0143833325097906,1.04137556153513,1.01624663354318,1.01184451896792,1.04281345890867,1.01382970505516
0.1,1,0,4,-0.4,0.0109324220063395,0.0174392913054362,0.00386533624317666,0.0168559419351949,0.00035817324340806,0.0385668787650797,0.0433253251964938,0.0260237916557511,0.00494538349780098,0.01763125408617,1.07970287272219,1.03631926490002,1.02805910340439,1.05664310996686,1.03000149903116
0.1,1,0,4,-0.2,0.0153598867710782,0.0165741525335783,0.00400354919126867,0.0150963302256077,0.000354864774469724,0.0387648793139056,0.0721659813350789,0.030193819172028,0.00650223109673293,0.0174987278682872,1.10273353720711,1.03395458469538,1.02262217290778,1.05210931452978,1.02783565777369
0.1,1,0,4,0,0.0220265073080738,0.0147954107046532,0.00461366857080368,0.0139387704145444,0.000768185936607362,0.0364265113923803,0.115454733679903,0.0299788639870919,0.00873585320380868,0.015053400034387,1.15152410383353,1.04124120287201,1.02323150060937,1.04906800457269,1.02877174821395
0.1,1,0,4,0.2,0.0254262962038161,0.0159779384894634,0.00429399929987975,0.0153963928009022,0.000316040618686519,0.0356679233168467,0.141291851773638,0.0340452391865322,0.0104115804853133,0.0162591643692206,1.19775617530396,1.05783787453017,1.03476199391434,1.06225046879221,1.0434440860215
0.1,1,0,4,0.4,0.0296773926186403,0.0157201321607252,0.00434993386866117,0.0140375693617361,0.000387067577571835,0.0346573421036623,0.187148905315185,0.0378343857059687,0.012731983580544,0.0162528449772708,1.24112848497611,1.06074252365571,1.03469655381046,1.06385723584551,1.04568837017931
0.1,1,0,4,0.6,0.0357535101632783,0.016822109067417,0.00445574805599749,0.0135240831681248,0.000415907780593719,0.0315511128005574,0.232175115269776,0.0461475844553509,0.0163982466874834,0.0168179757716392,1.29042260728895,1.05326414892361,1.01592657834238,1.03708549283173,1.03256070918706
0.1,1,0,4,0.8,0.0397450051343961,0.0163532137452418,0.00349188441031327,0.0136397427953894,0.000335329068148866,0.0296742529104105,0.2907302913805,0.0415508996823149,0.0166425804057632,0.0170753249689354,1.3368501040459,1.05423251172373,1.01516738910724,1.0397090790627,1.03210806170001
0.1,1,0,4,1,0.0454034739569353,0.0146088928131145,0.0036296922902338,0.0124289808334491,6.37627372107487e-05,0.0339160991340903,0.339360191364649,0.0494432969439259,0.0200890618995493,0.0158958919290088,1.39437509202914,1.05959275897773,1.01622244943749,1.0448593865747,1.03646063444952
0.2,1,0,4,-1,0.0332872216499252,0.0107240208690821,0.0321980637916842,0.0114072588384471,0.0146123029237424,0.0465759538170684,0.0384591640042396,0.0104854372548276,0.0209227058115547,0.0132016390314503,1.05848118240447,1.05380476455186,1.05359337084669,1.08688361024702,1.04404167966412
0.2,1,0,4,-0.8,0.0286975100727394,0.0152014540639116,0.0220499076370487,0.0158776924173187,0.00365595816711074,0.0435435865339899,0.053399719903901,0.0177823749818344,0.0152267426144413,0.0154516351964084,1.06864457277172,1.04114661866305,1.03554740935577,1.05441807982269,1.02814338105964
0.2,1,0,4,-0.6,0.038901538347707,0.0170772250292643,0.0224115688948552,0.0171030840760697,0.00141326562549946,0.0413277767734407,0.0950909888279832,0.0244207869659942,0.0198982636869213,0.0187768507085297,1.1296077644599,1.06169826543494,1.04444322987354,1.05066469559115,1.04394169553842
0.2,1,0,4,-0.4,0.0571342606364667,0.0190077890416311,0.0253117579478916,0.0196539893445398,0.00195553532906426,0.0369593297844909,0.170568254317699,0.027849915698021,0.028007313653704,0.0192537003741426,1.20297071551079,1.07744432552539,1.04614543157963,1.0499309926733,1.04927966463319
0.2,1,0,4,-0.2,0.0769813791610849,0.0194223846630729,0.0265185022074464,0.018909974500664,0.00150869787340027,0.0400324668740567,0.260782950923509,0.0346207501032219,0.0396687569693541,0.0208177633270201,1.29784406793506,1.09818813707656,1.04902373030028,1.05380204914403,1.06550503933728
0.2,1,0,4,0,0.101955700911387,0.0257398017579956,0.0289941113319152,0.0230590236269033,0.000162036710173971,0.0381821042207831,0.354244471687641,0.0440512251353784,0.0501853416598645,0.0243686496991291,1.40795802339659,1.13789342439834,1.06410696588952,1.05480302133581,1.08839488151876
0.2,1,0,4,0.2,0.132967607383867,0.0243680157694096,0.0289971774973074,0.0197989610893459,0.000706789692789367,0.0322103053121651,0.490546293383575,0.0479789316567246,0.071456958796582,0.0251862241131514,1.54633986009314,1.1604316169249,1.0516375068012,1.04242546612054,1.10264296764043
0.2,1,0,4,0.4,0.157779964586482,0.0255152153021838,0.0318238428038117,0.020839333963837,0.00187541430089101,0.0354153411711813,0.592496161558713,0.050125387872187,0.0900487539097146,0.0269273127448371,1.64804499339976,1.179203660295,1.04777997430652,1.03973186641812,1.11379294033917
0.2,1,0,4,0.6,0.178302569052286,0.0290369212611163,0.0308760616540123,0.0242481219724012,0.00103982632273185,0.0334367516749307,0.695976476233596,0.051868121685556,0.11039065721345,0.0316352760118551,1.76398831957629,1.21770090319614,1.06366241181859,1.0511013772545,1.15407525009879
0.2,1,0,4,0.8,0.217173525477172,0.0336515871532385,0.0309478420771965,0.021903437331157,0.00100104232357856,0.0346990526183761,0.84438756576935,0.0640215255203234,0.14064951417314,0.0364433844760324,1.93023186053614,1.26480604690843,1.06655426614277,1.0587069835854,1.19322735607884
0.2,1,0,4,1,0.275680403103125,0.034074614934667,0.0296372606269978,0.0226791309283393,0.000111643613142351,0.0348143568702788,1.06002307390596,0.0563535273887033,0.187943910517758,0.0379269389881248,2.15875066328572,1.32939695765344,1.06557560684508,1.05089807741433,1.24859919734747
0.3,1,0,4,-1,0.0678388277069963,0.0096507036117118,0.0670809795314361,0.0101876130658031,0.0531898716840713,0.0364245139189514,0.0729064750244132,0.00920362589968448,0.0495080152733936,0.012663595220494,1.07357493038645,1.06979917248222,1.06998946844763,1.10072846408319,1.05559280351723
0.3,1,0,4,-0.8,0.0617920885871354,0.0170122927799502,0.0519991387321711,0.0182878058407603,0.0106672162980509,0.0454335325385056,0.0959894757950367,0.0187302796503997,0.0382120038999135,0.0183370289685071,1.12602511142526,1.0887274630378,1.08093952100066,1.07860947373774,1.0664336011934
0.3,1,0,4,-0.6,0.105147449915951,0.0206867263287741,0.0762537889528726,0.0223366377147517,0.00611281185037055,0.0402306907890072,0.201448006825444,0.0268652536474758,0.0610737922297521,0.0213253757880274,1.23815731341638,1.13331114483548,1.10602869724399,1.06327465194563,1.09253904249708
0.3,1,0,4,-0.4,0.166671577231077,0.0283309736675485,0.0994233166210246,0.0292212174035163,0.00536860236375896,0.0427945691670511,0.352991408962793,0.0357421684901126,0.102745218378811,0.0285943743980854,1.39452439789169,1.19643337405867,1.12937970154282,1.054888523308,1.13379350946741
0.3,1,0,4,-0.2,0.217302356569196,0.0316542257422173,0.113102361135784,0.0320846425846958,0.00443284220492333,0.0397219109455509,0.488608006426247,0.0428446679077172,0.143318234823656,0.03417476053656,1.55269765159286,1.26576320443792,1.16142340120018,1.06435890081629,1.19624103746912
0.3,1,0,4,0,0.259282626284076,0.0319048650422126,0.107293105328019,0.0328501680373438,0.00369195187483191,0.0366453819570122,0.630026319254898,0.0428720926351443,0.168331477718139,0.0343570031983811,1.68553656845305,1.30034499212831,1.14867814314667,1.05583857024351,1.21441444592982
0.3,1,0,4,0.2,0.415466869508304,0.0383939446345182,0.170899063178308,0.0406040396241763,0.00415130139663322,0.033911791061171,0.920429039569928,0.0468500349037901,0.283198796518112,0.0399168829788332,1.99553396127166,1.47339630989238,1.22933051278804,1.05502729261175,1.34526590588362
0.3,1,0,4,0.4,0.471732691431979,0.0445436215130235,0.152268206514264,0.0427288998714786,0.00171045538281186,0.0375338307442602,1.06959926849071,0.0527070000885941,0.329888257600049,0.0456026703759035,2.15609000972524,1.5384661542971,1.2126680312622,1.05582598934189,1.40014077693827
0.3,1,0,4,0.6,0.562179440627547,0.0479162790862576,0.154025440038792,0.0424123335908941,0.00140260445494764,0.0348558326863454,1.27488885103114,0.0531243464820205,0.399592737019062,0.0497083155165716,2.3607793532044,1.63960500808826,1.2249147272387,1.06516839576515,1.48313182268473
0.3,1,0,4,0.8,0.728600418257305,0.0567536041702335,0.181900949464797,0.049931401082809,0.00241312381910435,0.0330452459128107,1.56481102007269,0.0644840316991532,0.535457040138859,0.0616981911754613,2.66172793627206,1.80434013669949,1.24548642312242,1.05940115485449,1.62060250614785
0.3,1,0,4,1,0.870166024979525,0.0689946914479584,0.185751829414632,0.0490461666728756,0.0015185823071407,0.034114585789789,1.75174920719115,0.0657327361978457,0.644426150503382,0.0605301194628902,2.84298494873206,1.95852544547134,1.25134813960189,1.0542217693885,1.73018144460809
0.4,1,0,4,-1,0.0954921121169069,0.0113612899929196,0.0948550027389895,0.011340743924026,0.0762790506938664,0.0417343248083285,0.0989900973466905,0.0107541206432378,0.0756440484197894,0.0145972136191866,1.11403834529111,1.11091455408685,1.1101556575173,1.13476750625306,1.09453068136892
0.4,1,0,4,-0.8,0.107599509299229,0.0195691276796955,0.099864110795483,0.0200464411851084,0.0220885830290874,0.049705446334504,0.146968359440537,0.0211926116706562,0.0752142790087167,0.0214071293396292,1.17790118949888,1.13595609924484,1.12868290257442,1.09555254655467,1.10601167248326
0.4,1,0,4,-0.6,0.187817236008922,0.0287403493211213,0.154734095691517,0.0305219632684931,0.0130691525135147,0.054145294655802,0.304661993173404,0.0316510211777261,0.131766670937692,0.0303128823264831,1.35004936233024,1.22799851645666,1.19669909190308,1.08593664145411,1.17356034626173
0.4,1,0,4,-0.4,0.308681353732182,0.0324297417364508,0.229586722070692,0.0355985784873993,0.0193016419366304,0.0546854538958324,0.523772703288582,0.0346618149860152,0.217183670643767,0.0333079780327481,1.57278222744037,1.35607163617082,1.28192580501931,1.09578910271784,1.26997936889955
0.4,1,0,4,-0.2,0.485942661346012,0.0423714584286191,0.342529136682034,0.0483735158285202,0.0124829459957005,0.0445786470967843,0.802364093353674,0.0423644903668463,0.351932307469113,0.0418595214298305,1.84408856760091,1.52536839011545,1.38800968948663,1.05260565244977,1.39404030811409
0.4,1,0,4,0,0.635653220439837,0.04746280158455,0.41944282609766,0.0575140586176868,0.0155710515047712,0.0441336592768328,1.04145252433779,0.0457512851212874,0.47123799664649,0.052248707433686,2.12626714705422,1.71500968081129,1.50667914771291,1.08957096262008,1.56092401444725
0.4,1,0,4,0.2,0.829205137198437,0.0533316787344445,0.508401166313159,0.0619802000804259,0.0132745402432024,0.0449463190463311,1.32752328969144,0.0526254847400243,0.617911045263683,0.0540553388300768,2.39078216785131,1.88701075596098,1.57430675266497,1.07132803443462,1.67792753622955
0.4,1,0,4,0.4,1.05685300192865,0.0577408108134089,0.610779968619805,0.0722995296305733,0.0128847455375411,0.0411789983590015,1.64126284095152,0.0525855964159928,0.801801831865232,0.0591718983701908,2.73277227955099,2.1485598678638,1.71445850114212,1.07798616393617,1.89690786834115
0.4,1,0,4,0.6,1.23919522000085,0.061115613741175,0.674044537498215,0.0769705841352224,0.0138311032169258,0.0366278612080678,1.87714252445355,0.0566268619819263,0.947659055215254,0.0625284641522574,2.98974635936929,2.34485797945186,1.79029383199744,1.08086133816932,2.05881522849348
0.4,1,0,4,0.8,1.50516673537438,0.071907766746612,0.7805266912336,0.104570168602516,0.00994418648082842,0.034420870106035,2.19018800682855,0.0630289418381008,1.17456962146574,0.0742218104039062,3.27103060869078,2.59037654596642,1.89500053743487,1.05794137839959,2.26392014600549
0.4,1,0,4,1,1.76088667572886,0.0690306895652677,0.949997273126974,0.0997878327692007,0.0112575845143188,0.0359284780351102,2.45600337152397,0.0587610214850636,1.39461348420466,0.0680594810107463,3.57453068531507,2.87401864547851,2.0831212563224,1.06927534200756,2.50844998351938
0.5,1,0,4,-1,0.123737399225102,0.0116965680656957,0.122525923215928,0.0120604872373819,0.10273036950236,0.0406346052785499,0.127778862890841,0.010991475374784,0.10632756915163,0.013600569662303,1.14011229998039,1.13751762686031,1.13637185239957,1.1624540013453,1.12325108078634
0.5,1,0,4,-0.8,0.177876472789797,0.0234465807542522,0.171477509006181,0.024175802871768,0.0538929752484364,0.0628413232202232,0.216994043408843,0.0229385843341827,0.140499274837403,0.0264378393176492,1.25880805947207,1.21909800021666,1.21333930858222,1.15038058787613,1.185126055913
0.5,1,0,4,-0.6,0.329483016931081,0.0277235159593102,0.298843828449388,0.0299209194234586,0.052086673015817,0.0679801440538367,0.443647063605895,0.0278142991044572,0.265809919347404,0.0338780834615443,1.4860792993454,1.36984723136728,1.34223432000127,1.14544510770669,1.31240930555463
0.5,1,0,4,-0.4,0.519499337249326,0.0347657475430941,0.447413293670682,0.0386629122469319,0.0436606594697478,0.0620389157203345,0.718206586174834,0.0343796122513986,0.404701322801531,0.0394750105339206,1.78007708374723,1.58158831293237,1.51413052920974,1.1455468598487,1.47462419107987
0.5,1,0,4,-0.2,0.792675939382995,0.0443499268317851,0.674276230008229,0.050062404918713,0.0433287650291477,0.0647010399608576,1.07840870404393,0.0415974090335079,0.638410892175577,0.0503323464199176,2.1455378617322,1.86050526902071,1.74769767750393,1.12723630154284,1.71486433649123
0.5,1,0,4,0,1.09894915763062,0.0442903948137091,0.922280556488554,0.0502509285146866,0.043341560021623,0.0649877813171761,1.44725165292051,0.0421970238826456,0.876514942300533,0.0494834917730221,2.50051900211762,2.15623292157745,1.98718895615846,1.12978473861591,1.94543243402504
0.5,1,0,4,0.2,1.38409756683105,0.0541811762650713,1.14962061347491,0.0660929517745908,0.0593653579153544,0.0722797622737751,1.77823109352824,0.0488539969588641,1.13463487094651,0.0572959629494301,2.89002261117014,2.49363959422018,2.26927754006371,1.16601696784825,2.25014283999693
0.5,1,0,4,0.4,1.73411221540615,0.0614185926781848,1.45233045182757,0.0755388110482682,0.0534006103932357,0.0652567181921655,2.17699880920824,0.0558254215208924,1.4188940735394,0.0705446611430099,3.25536573755548,2.81913332842195,2.5530667440548,1.14725496494965,2.51928698460824
0.5,1,0,4,0.6,2.04490296959183,0.0638195232959472,1.72641197377325,0.0806754005030503,0.05715563270482,0.0655620169876381,2.47533291170132,0.058255915454257,1.70497052701963,0.0688565878363479,3.59786693273579,3.16621820628983,2.86173974598582,1.14890206421793,2.83095818281856
0.5,1,0,4,0.8,2.34987325001248,0.0619012030561071,1.98926267196046,0.0891797283610278,0.0630244984129259,0.0620041069231454,2.79679861392569,0.0510325619747338,1.97106809072273,0.0758659359453712,3.91368319205514,3.46767018212306,3.12708497067412,1.1318943041927,3.09882956065445
0.5,1,0,4,1,2.71331028865264,0.0730072764488778,2.36016755864451,0.094016123608993,0.0535541906726204,0.0513581782953589,3.1349059492585,0.0651427411872481,2.28683638991067,0.0789597475054537,4.21915342036857,3.80542760895567,3.47350436205064,1.13002298794507,3.39252554832288
0.6,1,0,4,-1,0.144941704027717,0.0108041670375639,0.144407454817809,0.0109093270420457,0.133456697780502,0.0368136653287554,0.14757783114567,0.0102366687223732,0.129456741519223,0.0141594215288427,1.15147762433696,1.14972201158299,1.14951102208498,1.18080514910693,1.13903557399447
0.6,1,0,4,-0.8,0.239635446950766,0.0214151366543656,0.23415420613819,0.0223960340563975,0.0992464790841598,0.0638225112761456,0.278749417476942,0.020231728674333,0.205678630998113,0.0251285159437331,1.30306104595436,1.26458104281785,1.26116418060604,1.17981687206376,1.23659487562239
0.6,1,0,4,-0.6,0.4800365274744,0.0277864504223167,0.458067518538636,0.0303913653191466,0.107435812624783,0.0781744291068596,0.587855074386923,0.0268094284306289,0.396782500804168,0.0341552265211055,1.631138281667,1.52188125801216,1.50301871199189,1.21558050340562,1.44607027957224
0.6,1,0,4,-0.4,0.81096526992224,0.0409229236985746,0.758030804481973,0.0466426181882045,0.159769263900255,0.103207914989283,0.976718748685287,0.0374581219450147,0.686313478083556,0.045843087652046,2.02606390478808,1.86515253891131,1.81923713871768,1.2988249627042,1.74719591537325
0.6,1,0,4,-0.2,1.16762333092408,0.0470140628199319,1.08081121083726,0.0581250460094767,0.171409317645328,0.116688655516824,1.38321429009729,0.0427408531545577,0.988243638736266,0.05359601631777,2.45662543020601,2.24362223609841,2.16821475921995,1.31280706799579,2.07687976567264
0.6,1,0,4,0,1.62706840904872,0.0530918764341603,1.54460694330963,0.0604165892613672,0.207192653132049,0.120977972241739,1.86375757950146,0.0493624073259099,1.37838074649597,0.0624124345460971,2.90457449642208,2.67333085142641,2.59937596386672,1.35253985309175,2.4427179600495
0.6,1,0,4,0.2,1.89876541273371,0.0549611014837723,1.77792363649881,0.0648184737080943,0.256417732713569,0.167593539462402,2.18356980760268,0.0467804587468002,1.64123765236172,0.0606575418651785,3.29535576866438,3.01654869592227,2.90140014388982,1.46928360584938,2.76748676134313
0.6,1,0,4,0.4,2.3383313318706,0.058447077547055,2.19467772553855,0.073701049582351,0.299925600917414,0.215662798801882,2.64216110166121,0.0504390140495472,2.01531962662574,0.069812367333713,3.76491989368159,3.46705316601265,3.34371880412631,1.57725159825376,3.16082122446599
0.6,1,0,4,0.6,2.65640791326734,0.0679442903706348,2.53631268842942,0.0735036079762155,0.321891713227608,0.243035462527509,2.95914469716246,0.0629760387773144,2.3352757703389,0.0782057222336506,4.063316437525,3.7642465154612,3.65162996074226,1.60093202472122,3.4604667323906
0.6,1,0,4,0.8,3.03611374090785,0.0673228809516452,2.90906915998614,0.0725411886461555,0.446430088401472,0.28205579182094,3.34353407124185,0.061859534837336,2.70885184172537,0.0810276576550072,4.45461481306636,4.15143331193933,4.02902538126428,1.7720540596307,3.84051726931275
0.6,1,0,4,1,3.44110157686717,0.0757989535058378,3.31953016307031,0.0860489882426074,0.49118428452098,0.326703948290178,3.72118224963391,0.0697305007725001,3.1084052202725,0.0885424301927834,4.84949598222366,4.58184284079386,4.47549928274476,1.89267437490955,4.26787846720017
0,1,0,4,-1,7.85201811851169e-06,0.00385307320455687,6.67356613889066e-06,0.00387812257432031,1.72126176281993e-05,0.0134692626650548,4.93772902124562e-06,0.00368552252639687,1.45458554581042e-05,0.00477024030169755,1.00756533498576,1.00790610015344,1.0079275210014,1.02217032288716,1.00960795800996
0,1,0,4,-0.8,6.14933873200332e-07,0.00451968432970365,7.70563403885343e-07,0.00452095774311283,7.70379096760093e-06,0.013402781815548,7.69615368238795e-07,0.00424871777757719,4.52052196151766e-06,0.00548263426615739,1.00548116721036,1.00590465021222,1.00590220611799,1.01973048219116,1.00727310694156
0,1,0,4,-0.6,1.52802575454715e-05,0.00437571059744686,1.58768552998261e-05,0.00437484503283477,3.03798625148902e-05,0.014820244393941,1.56704527290188e-05,0.00408096440450208,6.99540090265925e-06,0.00503965446754883,1.00349959060254,1.0039257477203,1.00397727619163,1.01924361684514,1.00476652525395
0,1,0,4,-0.4,8.12519680677705e-06,0.00441837596456645,7.77808167063673e-06,0.00442602034595237,3.05978952439809e-05,0.0147995716661224,7.47613349019655e-06,0.00405761629956439,8.64911396870362e-06,0.00523369357179011,1.00780741462039,1.00809890223246,1.00814327065117,1.02221858615369,1.00949102465616
0,1,0,4,-0.2,7.84846936654219e-06,0.00399146479040461,7.85413823880672e-06,0.00400614418587486,4.64595846967276e-05,0.0139662641483961,8.93581035269228e-06,0.00381648967404256,2.14567671785456e-05,0.00505183128514829,1.00788859456254,1.00826994709915,1.00823904053698,1.02377028334492,1.0094499054981
0,1,0,4,0,1.19281845330477e-05,0.00408632867267746,1.3264190288714e-05,0.00406943544872515,4.75665391264962e-05,0.0122105100894807,1.70065079461956e-05,0.00386619374919645,7.74825656012736e-06,0.00498463890888087,1.00678236612459,1.00704361778278,1.00700809305532,1.01869644986074,1.00822998145919
0,1,0,4,0.2,3.98783831149737e-05,0.00430595715903915,3.9115269397462e-05,0.00443171520385248,0.000153020594299244,0.014227337539971,3.03476177507367e-05,0.00410489257903999,5.66834624432426e-05,0.00555742088298839,1.0137905346738,1.01439200848951,1.01450500195064,1.03014186772943,1.01607521543789
0,1,0,4,0.4,1.98625721208193e-05,0.00395349112749523,2.04532398351882e-05,0.00391385232064779,4.11977447925348e-05,0.013050671515026,1.86730838236963e-05,0.0037646298292691,2.21776057555733e-05,0.00500631535476415,1.00716719651171,1.00752376342451,1.00748886731313,1.02203601915856,1.0090897105634
0,1,0,4,0.6,6.34562868413161e-06,0.00367058571829197,5.25312887085135e-06,0.0037200887143866,3.64710814340174e-06,0.0147812039109188,9.97072001202503e-06,0.0036405528416339,1.97668171592076e-06,0.00453927619988275,1.00497866598468,1.00494910511891,1.00499225092645,1.02037819410036,1.00582374910731
0,1,0,4,0.8,3.7163258012496e-05,0.0046727937603699,3.62796773586396e-05,0.00466262909101682,0.000155966804143059,0.0139822884761886,2.61509718083911e-05,0.00433327429838784,3.02998062657512e-05,0.00573270869505748,1.0061577931006,1.00668199198203,1.00666830267458,1.02157895465228,1.00789222290146
0,1,0,4,1,7.10621705492172e-06,0.00440776183024013,7.33374259591485e-06,0.00442985118810209,5.05564348570805e-06,0.0141218447292587,4.82844897462354e-06,0.0041107881295759,1.12127887650016e-06,0.00549647649649106,0.996788011498943,0.997076761643254,0.997158414761227,1.01172021588429,0.998303646752138
0.1,1,0,4,-1,0.010726347888703,0.00457443510638912,0.0102812343815019,0.00460602689120623,0.00504516037697698,0.0154299429019712,0.0134889497717622,0.00455713129570651,0.00607921321024327,0.00517389838296536,1.025046751739,1.02261455263512,1.0222007059315,1.03326573759947,1.01886163055847
0.1,1,0,4,-0.8,0.00780034729478671,0.0052891340193074,0.0052762944596313,0.00539908267148425,0.00105139495135539,0.0163626466063873,0.0170693593287773,0.00577614269532546,0.00389095699165472,0.00586837186592317,1.0203881384151,1.01050790943616,1.00815336930798,1.02026390745585,1.00723355401312
0.1,1,0,4,-0.6,0.0086636854039455,0.00608031380400687,0.00391927319905647,0.00614543754926709,0.000391816604087454,0.0147377863953685,0.0283709846278233,0.0076335410847986,0.00392752803527255,0.00622994010667814,1.03510057480341,1.01410699195025,1.00955714850535,1.01938242333017,1.01038333964924
0.1,1,0,4,-0.4,0.0122899994683255,0.00568706586768001,0.00411942144371436,0.00573349188995827,0.000594022661841491,0.0151009217462037,0.0486190930346186,0.00881396852502349,0.00614158390416833,0.00618048987512718,1.06546797036502,1.02474416421189,1.01661033412303,1.02557743062044,1.01937259574146
0.1,1,0,4,-0.2,0.0145325191194529,0.0059806466049588,0.00333613871337765,0.00570601207108406,3.33899438021214e-05,0.0138875563332302,0.0728346831246326,0.0108875000543982,0.00602736334503327,0.00577862358869409,1.09015282364587,1.02544243331119,1.01388476318167,1.02182381958658,1.0168930439662
0.1,1,0,4,0,0.0196576957451973,0.00598409096592761,0.00389568348578724,0.00538357484573472,0.000202925724484978,0.0151979408388383,0.106585359498964,0.0122648220062581,0.00801666089345033,0.00587167305437958,1.12276763278047,1.02836225299551,1.01189679781309,1.0209166282134,1.01649359572728
0.1,1,0,4,0.2,0.022806076247236,0.00592771513686043,0.00326012835257348,0.00558010096155064,8.5791654594645e-05,0.0131364796326944,0.142244015888012,0.0131427959080183,0.00906456973988496,0.00608613458051881,1.16362421549245,1.03374175909947,1.01316138683269,1.01958293337459,1.02021980620331
0.1,1,0,4,0.4,0.0273200841837424,0.00628570818886699,0.00337648347501583,0.00571614294002819,7.76035862506932e-05,0.0141397485347091,0.185545083748599,0.0139093283814768,0.0104256525498842,0.00643490160139174,1.20343489963289,1.03454094948242,1.00945934182645,1.01850479259302,1.01797385171992
0.1,1,0,4,0.6,0.0331382375553508,0.00639175076215801,0.00385802065140492,0.00515867699286844,0.000162584943558278,0.0138510555918873,0.224340830371674,0.016989462364802,0.0137584864835033,0.00605889355607219,1.24268724563829,1.03847546351967,1.00816542890452,1.01759613305282,1.01889537500023
0.1,1,0,4,0.8,0.0388241263259964,0.00690901130991418,0.00331421052534232,0.00595508517002726,0.000324061523658409,0.0121411452175275,0.293394904418677,0.0181532426388816,0.015646658166248,0.00689281314294125,1.32184661192099,1.05308145907271,1.01589538629691,1.02467002004479,1.02994486787487
0.1,1,0,4,1,0.0455732469247312,0.0067713518802029,0.00385069928200564,0.00549505346586949,0.000170573740293219,0.0127386719957912,0.350536680999208,0.0222379452350463,0.0194515007678404,0.00701346080509163,1.38261963068256,1.05916212432396,1.01533848871195,1.0237064872429,1.03314663884488
0.2,1,0,4,-1,0.0352864711160946,0.00435604917893549,0.0346120525574014,0.00439544911463733,0.0184448131541033,0.0173451382548663,0.0406185298882654,0.00426360579991007,0.0220877157736201,0.00487427883211869,1.05302431623935,1.04763543752779,1.04692909562145,1.04672479483975,1.03446554566571
0.2,1,0,4,-0.8,0.0293129734719753,0.00503801868484077,0.0230160489766363,0.00533015914380464,0.00285069973030831,0.0157120153286414,0.0533891570373918,0.0061083314308501,0.0158526639433309,0.00561887044640522,1.05663086651685,1.03079900260742,1.02459896298027,1.01812362415051,1.01819587759193
0.2,1,0,4,-0.6,0.0389902026252033,0.00631074573846161,0.0232350400299637,0.0067227301208575,0.0021999969011491,0.0170685115150918,0.0969498976566891,0.00851203112542269,0.020565341516508,0.0067593521439871,1.10429575742049,1.04237292962296,1.02657901263043,1.01974341452259,1.02479136518891
0.2,1,0,4,-0.4,0.0538838695876188,0.00718263463076122,0.0241193770325719,0.0073128391537964,0.00121233403919338,0.0158205933697976,0.162857471142479,0.0110471731772226,0.0265966535266228,0.00736134582417532,1.17751952447587,1.06372204241357,1.03416158453534,1.02317460117324,1.03701366840163
0.2,1,0,4,-0.2,0.0753790050963072,0.00881368776382397,0.0274144932033429,0.00799794450414091,0.00136620578046382,0.014733800331865,0.25388552311766,0.0155736344201151,0.0374326945891376,0.00815881637905915,1.28217035653445,1.09342968497302,1.04404175196276,1.02636301805597,1.0544905213124
0.2,1,0,4,0,0.100960710464557,0.00930604094102464,0.0281970855804867,0.00847198561718511,0.00101362090345845,0.0149593203238336,0.370898125988406,0.0176219225964934,0.0545103520524191,0.00926702172635716,1.39096735993439,1.11141464646942,1.0381915479943,1.01973549210945,1.06561128807093
0.2,1,0,4,0.2,0.129559746837772,0.00991957243387286,0.0294499699566563,0.00834665678158001,0.00104121029507162,0.0134894708386826,0.492010730154029,0.0196017916234875,0.0715077465805313,0.0102458268727164,1.52774510282298,1.14537452521827,1.03965650614948,1.01774588027848,1.08608219480182
0.2,1,0,4,0.4,0.149365866185003,0.009638047222929,0.0275792698306761,0.00792921919353616,0.000332224289686625,0.0123828778827392,0.599022093154401,0.0192604267701387,0.0885336213194306,0.0110508521185564,1.62404724890979,1.1638022459377,1.04146311304904,1.0222322226297,1.10564627023272
0.2,1,0,4,0.6,0.18876526871099,0.0125141262782959,0.0338117154123585,0.0095214285586774,0.00122749551770562,0.0140334442564285,0.731851256856724,0.0200596727201394,0.12000217236138,0.0127274782068926,1.75147137780717,1.19985704668275,1.04298910995016,1.01786693537025,1.13242414567968
0.2,1,0,4,0.8,0.214419454592958,0.011563742699456,0.0272118047614454,0.00898422241811745,0.000324027032757104,0.0142056293347458,0.876578099907692,0.0219131969907111,0.140281319973984,0.014085799136313,1.89566252531066,1.22271072004371,1.03353526364289,1.01644522061895,1.15275370120087
0.2,1,0,4,1,0.239256878719312,0.0141721960791801,0.0276604929070696,0.00873257195018362,0.000379835027801162,0.0121250254111555,0.990082067098814,0.0265101395200363,0.167397254368766,0.0150339326821164,2.01346656971377,1.24675658243218,1.02974095347004,1.00909059617309,1.17701577031911
0.3,1,0,4,-1,0.0630448592045496,0.00452864055982962,0.0625738134308673,0.00452431154067809,0.0426561572262343,0.0158970350319135,0.0687756675935532,0.00429739551840488,0.0453775621421403,0.00554184576510038,1.08022941491949,1.07483891823009,1.07437241116978,1.07148930763738,1.05825666717103
0.3,1,0,4,-0.8,0.0659427809574776,0.00576334540455874,0.0569337734036151,0.00619349712818021,0.00979027320079564,0.0185132087125715,0.10269737538261,0.00598552416736195,0.0415000418401016,0.00660168730543301,1.11351233136817,1.07620296962476,1.06777174401353,1.03773203128696,1.05287602088863
0.3,1,0,4,-0.6,0.0997356348643507,0.0079736100879388,0.0723149711225348,0.00881334322067058,0.00623565477473663,0.0174074599445788,0.195139972352106,0.00945992980100443,0.0629442114942331,0.00820336635109667,1.21765007893808,1.11886370468998,1.09204549815346,1.03608932227695,1.08212435955677
0.3,1,0,4,-0.4,0.145223276534669,0.0105667632053785,0.0866590773506754,0.0113457912618824,0.00522632504872974,0.0160176214745616,0.32219154663152,0.0135590698118016,0.0905327519854319,0.0110838651540261,1.33916089860335,1.15910209826534,1.10173977674306,1.0286724044851,1.10621686515644
0.3,1,0,4,-0.2,0.222906554549495,0.0127814819899633,0.113823523964657,0.0125531333124671,0.00471416816861676,0.0154982836357413,0.511402686121988,0.0165813809772737,0.146596213055625,0.0130092777055888,1.54859182635938,1.25061735379331,1.13903651000389,1.03047775300624,1.17416073510543
0.3,1,0,4,0,0.284439573415587,0.0139600149960264,0.122628486772416,0.014126435290868,0.00280234607966027,0.0139762036360912,0.68031987729131,0.0175691607166184,0.194761543098326,0.0152268297359041,1.71579280992076,1.31120450615416,1.14722617873474,1.02550810894846,1.22227543636905
0.3,1,0,4,0.2,0.371284808059029,0.0144253179526676,0.135696984944005,0.0133378887166846,0.00194403374719693,0.0136629266859648,0.882713235506881,0.0184923233626919,0.258711207946859,0.0149055790161442,1.91515785646071,1.39817320951673,1.16072640376382,1.02718000743367,1.28727437778203
0.3,1,0,4,0.4,0.469102326923408,0.0158057778058979,0.145933882126889,0.0152716879603678,0.0021653956086957,0.0131341125471569,1.10359513874356,0.0186150415167098,0.340237116297,0.0190976966483939,2.14377027138032,1.49843846459059,1.17090352755331,1.02367319203252,1.37331195447649
0.3,1,0,4,0.6,0.572169647420891,0.0201824206943879,0.162108238244982,0.0163283940106599,0.0025743282992236,0.0129626444259494,1.29754027385392,0.0243412519725738,0.430712421969038,0.0203087043093181,2.33030076102446,1.59877340164531,1.18621932251471,1.02678349640978,1.46014805485509
0.3,1,0,4,0.8,0.704184488550694,0.0236983139597712,0.174524164087037,0.0183930144109782,0.00277409973032456,0.0136982236840386,1.52863000453878,0.02532404733941,0.541171560002153,0.02381864841708,2.54568337798582,1.72433372702238,1.19357682957965,1.02271140854494,1.56541152288033
0.3,1,0,4,1,0.81657926129427,0.0233623425070017,0.187354660206682,0.0190442112934894,0.00327077163563366,0.011709645697666,1.74161892744726,0.0254660319109644,0.638892022977906,0.021091440620463,2.76483181474218,1.83996422460536,1.20778972259726,1.01850035161225,1.66301410753273
0.4,1,0,4,-1,0.0936679044888595,0.00428682169210789,0.0931301622824856,0.00429195149436255,0.0696202809380654,0.0150529295571599,0.0991277511583735,0.00407952759032982,0.0738006190576531,0.00526282677796438,1.1024068037215,1.09720033155088,1.09670738407467,1.0892849248867,1.0786914324235
0.4,1,0,4,-0.8,0.110424233967492,0.00686411435092774,0.101651832248165,0.0072088191986739,0.0217225914288558,0.0194444459411465,0.155297676430618,0.00729835221296597,0.0785637221471085,0.00782213980238756,1.16961016523503,1.12296426318496,1.11439219272955,1.05042800318501,1.09193957086933
0.4,1,0,4,-0.6,0.196327295726742,0.0103567845168616,0.165084910062916,0.0114205563484748,0.0141302100480431,0.0187275299983674,0.315390699058799,0.0111191046862281,0.138850890473782,0.0118287757245711,1.3278017026947,1.20795196384052,1.17819304523889,1.03919222824625,1.15354568630186
0.4,1,0,4,-0.4,0.317410455277214,0.0119827423970673,0.241258389753753,0.0129923640654933,0.0129544081187819,0.0183448492323996,0.536910552084193,0.01365436885479,0.229756356554011,0.0132737205152008,1.55483472555826,1.33193621214038,1.25645252562881,1.03733624268873,1.24708259317094
0.4,1,0,4,-0.2,0.453589435613577,0.0159194372687212,0.311467928144193,0.0185466041600581,0.0103024313169214,0.0170361611051552,0.77643605726718,0.0162665576199692,0.329450262753631,0.0169259204463315,1.81752733231714,1.48953100143752,1.3478867935809,1.03993173592095,1.36531927757873
0.4,1,0,4,0,0.633517563247127,0.0163257998282356,0.414518538243087,0.0200914016792404,0.0120551637982331,0.0161626208641999,1.04579176296461,0.016565540490974,0.477793780596955,0.0178833332976598,2.08906276648137,1.66864650424186,1.44998554564874,1.03802204865607,1.51478741570531
0.4,1,0,4,0.2,0.798619273238668,0.0194497950594409,0.469935591245074,0.0261605325141889,0.0100971300499401,0.0157518643118494,1.31443817411427,0.01828171583379,0.609520731095332,0.0209701470108812,2.35061742680879,1.83202446498003,1.50896165633548,1.03512982137716,1.64381611638601
0.4,1,0,4,0.4,1.04438347809367,0.0233546246240966,0.569934606313569,0.0315030370154369,0.0100353044134581,0.013819117114436,1.65396481025828,0.0212975659400352,0.80147011483582,0.0249847700659557,2.70347405656289,2.09262789817686,1.623351579962,1.03532472197274,1.8515669012385
0.4,1,0,4,0.6,1.28344081054845,0.0256505620218839,0.714366322674656,0.0313556095875364,0.01072043178469,0.0143954801146176,1.93506545360775,0.0232048921411899,1.01446534107556,0.0263640224036477,2.98526252746362,2.32895658904632,1.76061070457341,1.03330691902203,2.05915564429294
0.4,1,0,4,0.8,1.48596983050577,0.0300228639849346,0.769669174992446,0.0388656664424719,0.009302096719287,0.0140356184945708,2.16856335395997,0.0264723081828462,1.16905538085658,0.0300815477829232,3.2060314892915,2.52728603679133,1.82099241454269,1.03192549306145,2.21198658636221
0.4,1,0,4,1,1.75104046993451,0.0301748295187708,0.885020256147941,0.0436467455432181,0.0109461626454711,0.0131466239348201,2.46531627420075,0.0289051148005108,1.38615598839974,0.0303293829807228,3.47675858927908,2.76902494687853,1.92452358051324,1.02990119948688,2.40851099199085
0.5,1,0,4,-1,0.124458822056367,0.00457163833938942,0.123783789591508,0.00462497159703722,0.110799409061779,0.0172816849506257,0.127830202965988,0.00432999951211373,0.107187278900814,0.00566938200891143,1.13709253063162,1.13417043540684,1.13352797274669,1.13943068176841,1.11874217204142
0.5,1,0,4,-0.8,0.171371113427405,0.00765370423371307,0.164834219275859,0.00779534474329954,0.0494700666797144,0.0214996519814004,0.214699621535955,0.00768568818853003,0.137043916794962,0.0083705058896961,1.22958748362818,1.186954916681,1.18080601245885,1.08530423053055,1.15487460917326
0.5,1,0,4,-0.6,0.330035243627842,0.0106542085115261,0.302425241675708,0.0116671686205852,0.0341668451190302,0.0217500885553893,0.453101000217435,0.0102743422463827,0.260479945677629,0.0129393619772856,1.46431172681901,1.34275394613106,1.31659694315254,1.06664473011346,1.27711088295957
0.5,1,0,4,-0.4,0.528619081364284,0.0137925410058128,0.464471986494441,0.0153325744097547,0.0353812410891641,0.0255183976589891,0.735013443998645,0.0134648657795167,0.419422244555649,0.0155587935465037,1.74121456838484,1.53571003933848,1.47383696932752,1.06484110800045,1.43061224655204
0.5,1,0,4,-0.2,0.785434693973657,0.0182202341968287,0.674108349796843,0.0202719087294578,0.0377848617302934,0.0242274278148785,1.0722858365482,0.0171017393640164,0.630654533619812,0.019597181403437,2.10633099821666,1.81734218151781,1.70730307367511,1.07208792041113,1.6643709703841
0.5,1,0,4,0,1.07143197254001,0.0223392518503252,0.899509955917829,0.026456755447594,0.0386738144881891,0.024155952148088,1.42485614222594,0.0200490792896304,0.877226533927145,0.0240007091658506,2.44813044600687,2.09677925337647,1.92960190760433,1.06732563394136,1.90623007848836
0.5,1,0,4,0.2,1.36979782461451,0.0197350718240971,1.13355709713161,0.024712282745556,0.0399895175951967,0.0207628395759943,1.78568554423698,0.017373636402514,1.1215653169234,0.0216202351517456,2.82029147540119,2.40693135335717,2.17586266676691,1.07635256980296,2.16149397686729
0.5,1,0,4,0.4,1.70484325029889,0.0263198893725244,1.41181211296739,0.0353567397532038,0.0391986952091663,0.0206375527615567,2.14940438992994,0.0222050908411048,1.41318709427588,0.0273844511504207,3.17626018485458,2.7356962288643,2.45179047143351,1.06504582107761,2.44797638074792
0.5,1,0,4,0.6,2.00341483373555,0.0241372081365067,1.6677999429999,0.0323007373170741,0.040932682521592,0.0211662384993637,2.47357031577565,0.0212008655034249,1.66748815129428,0.0259747122522492,3.48949846194311,3.02336629322269,2.69787122116633,1.06682257071415,2.69359932438599
0.5,1,0,4,0.8,2.34205125777911,0.0255394804179446,1.96898740708189,0.0351254798337199,0.0390519007413957,0.0207411246736882,2.80614367689631,0.0237686891907484,1.95875229496796,0.0298840245181076,3.82061067625249,3.36192326311884,3.00209663403351,1.06826084794084,2.98655247745006
0.5,1,0,4,1,2.64521273610709,0.0280522920080361,2.257251963085,0.0383949717487668,0.0430962327342088,0.0196636596130745,3.1184970226962,0.0249508585725056,2.22894455344994,0.0333877673720553,4.16672398023232,3.69708073100633,3.32071230020787,1.07743322459814,3.28668532730021
0.6,1,0,4,-1,0.141129190727131,0.00400428490399962,0.141130243081542,0.00402277529629513,0.129827023052651,0.0144211994525082,0.143940236992685,0.00383497224661106,0.126513516088007,0.0051472474234019,1.15008108957417,1.1477179165788,1.14770793661862,1.15389655141548,1.13484884581842
0.6,1,0,4,-0.8,0.237560150720249,0.00699998256127003,0.233320801159978,0.00718079799543756,0.0952806183662959,0.0244431131147885,0.278518582928363,0.00705513194227078,0.203930634838225,0.00862198323097925,1.28122224296997,1.24051396668443,1.23664606991902,1.12484828401417,1.20907261829647
0.6,1,0,4,-0.6,0.488984369065201,0.0104025979220243,0.470610342814953,0.011087259116649,0.101436715681158,0.0333767966320092,0.60067427293983,0.00968611398812028,0.410575893066082,0.012743975519194,1.62854617356811,1.51558006444218,1.49799524039969,1.15136842250543,1.43921284423429
0.6,1,0,4,-0.4,0.823275713320772,0.0167658658689587,0.787621256662545,0.0177176369675401,0.125355493651269,0.03819521967005,0.992229739869965,0.0160447005300594,0.705794609260844,0.0198017834749045,2.02408526496208,1.85287781844724,1.81763822262647,1.17285688250654,1.7377213679065
0.6,1,0,4,-0.2,1.17950038708281,0.0178788109315803,1.11260345912058,0.0199774607706209,0.126862600100173,0.0396750514876752,1.40757257469818,0.0166490196642366,1.02101846475078,0.0213920712161998,2.43349603237967,2.20675885934132,2.14237449695827,1.18018547521888,2.05244845268066
0.6,1,0,4,0,1.58022891578495,0.0209276584505218,1.50372203833776,0.0231150998593966,0.155748243575938,0.0450888953248324,1.8344120152125,0.0189338733656183,1.36598855671041,0.0228907100932344,2.85348170284298,2.60211613199568,2.52829042921727,1.21021480700307,2.39210279150158
0.6,1,0,4,0.2,1.94418215244906,0.0206584273462302,1.83427014824121,0.0251149139355586,0.187851465540173,0.0521603613919373,2.23688166249534,0.0191659545260706,1.67851005236567,0.0261847747158582,3.25909350582896,2.96833929044012,2.86426684295704,1.25508851728755,2.71204887347817
0.6,1,0,4,0.4,2.37011183319787,0.0232114562008079,2.24981961307457,0.0285642960492323,0.222267934828815,0.0644530616730892,2.67819972222022,0.020741138159479,2.06739066105277,0.0286803559528208,3.72196270440963,3.41603792747597,3.30094841452674,1.30096200962853,3.12007838615184
0.6,1,0,4,0.6,2.71622258836243,0.0251668699836659,2.59808163858267,0.0299110129845531,0.2580876649767,0.090085876699115,3.02664945664214,0.0230732614363758,2.3877711360412,0.0300765458653746,4.05871747908413,3.74999306297803,3.63693462307123,1.35733019022721,3.42734530725976
0.6,1,0,4,0.8,3.06153416078002,0.0247035732593853,2.96239179293555,0.027439123649029,0.283517723517275,0.106745107099634,3.34820560243529,0.0223950636847208,2.73196083119803,0.0299230877101928,4.39095610707972,4.10549005234892,4.0092319605639,1.39987589838433,3.78137324650375
0.6,1,0,4,1,3.4003367474815,0.0260148980730809,3.25525415390389,0.0385861381521114,0.305799151819945,0.100665866610244,3.71374379556695,0.0235716349373681,3.04524507244442,0.0310561471684239,4.76249554267792,4.45007571674843,4.31759865322407,1.42097692732054,4.1020902428068
